Week,None,D0-D4,D1-D4,D2-D4,D3-D4,D4,DSCI
2025-04-08,4.20,95.80,76.03,38.82,4.29,0.00,215
2025-04-01,4.20,95.80,75.76,39.34,4.27,0.00,215
2025-03-25,2.02,97.98,77.25,39.33,4.26,0.00,219
2025-03-18,1.94,98.06,77.67,39.33,4.26,0.00,219
2025-03-11,0.23,99.77,77.67,39.33,4.26,0.00,221
2025-03-04,0.13,99.87,77.82,39.33,4.26,0.00,221
2025-02-25,0.13,99.87,77.20,24.04,4.26,0.00,205
2025-02-18,0.00,100.00,77.20,24.04,4.26,0.00,206
2025-02-11,0.00,100.00,77.20,21.19,4.26,0.00,203
2025-02-04,1.26,98.74,65.60,7.92,4.26,0.00,177
2025-01-28,4.74,95.26,40.49,7.63,0.00,0.00,143
2025-01-21,10.74,89.26,20.73,4.94,0.00,0.00,115
2025-01-14,10.74,89.26,20.14,1.56,0.00,0.00,111
2025-01-07,10.74,89.26,17.17,1.56,0.00,0.00,108
2024-12-31,11.78,88.22,20.77,1.56,0.00,0.00,111
2024-12-24,14.17,85.83,19.50,1.56,0.00,0.00,107
2024-12-17,15.42,84.58,18.17,1.56,0.00,0.00,104
2024-12-10,15.46,84.54,18.91,1.56,0.00,0.00,105
2024-12-03,15.46,84.54,18.91,1.56,0.00,0.00,105
2024-11-26,2.60,97.40,19.20,1.56,0.00,0.00,118
2024-11-19,2.60,97.40,19.20,1.56,0.00,0.00,118
2024-11-12,2.63,97.37,19.19,1.56,0.00,0.00,118
2024-11-05,2.61,97.39,19.35,1.56,0.00,0.00,118
2024-10-29,3.90,96.10,19.35,1.56,0.00,0.00,117
2024-10-22,3.93,96.07,19.47,1.56,0.00,0.00,117
2024-10-15,2.91,97.09,24.33,1.56,0.00,0.00,123
2024-10-08,10.72,89.28,13.32,1.56,0.00,0.00,104
2024-10-01,18.31,81.69,9.48,0.00,0.00,0.00,91
2024-09-24,21.40,78.60,9.48,0.00,0.00,0.00,88
2024-09-17,21.43,78.57,9.48,0.00,0.00,0.00,88
2024-09-10,21.43,78.57,9.48,0.00,0.00,0.00,88
2024-09-03,14.82,85.18,9.48,0.00,0.00,0.00,95
2024-08-27,10.22,89.78,4.71,0.00,0.00,0.00,94
2024-08-20,10.30,89.70,4.71,0.00,0.00,0.00,94
2024-08-13,10.60,89.40,7.26,0.00,0.00,0.00,97
2024-08-06,10.64,89.36,7.62,0.00,0.00,0.00,97
2024-07-30,40.95,59.05,4.68,0.00,0.00,0.00,64
2024-07-23,45.29,54.71,4.68,0.00,0.00,0.00,59
2024-07-16,46.91,53.09,0.00,0.00,0.00,0.00,53
2024-07-09,66.93,33.07,0.00,0.00,0.00,0.00,33
2024-07-02,74.02,25.98,0.00,0.00,0.00,0.00,26
2024-06-25,75.47,24.53,0.65,0.00,0.00,0.00,25
2024-06-18,75.47,24.53,0.89,0.00,0.00,0.00,25
2024-06-11,76.18,23.82,0.82,0.00,0.00,0.00,25
2024-06-04,76.08,23.92,0.40,0.00,0.00,0.00,24
2024-05-28,75.45,24.55,0.40,0.00,0.00,0.00,25
2024-05-21,75.45,24.55,0.40,0.00,0.00,0.00,25
2024-05-14,75.45,24.55,0.21,0.00,0.00,0.00,25
2024-05-07,75.45,24.55,1.59,0.00,0.00,0.00,26
2024-04-30,75.45,24.55,1.59,0.00,0.00,0.00,26
2024-04-23,74.40,25.60,3.36,0.00,0.00,0.00,29
2024-04-16,74.38,25.62,3.36,0.00,0.00,0.00,29
2024-04-09,74.38,25.62,3.36,0.00,0.00,0.00,29
2024-04-02,74.38,25.62,3.36,0.00,0.00,0.00,29
2024-03-26,72.68,27.32,3.53,0.00,0.00,0.00,31
2024-03-19,70.51,29.49,3.78,0.00,0.00,0.00,33
2024-03-12,69.12,30.88,3.78,0.00,0.00,0.00,35
2024-03-05,67.57,32.43,3.78,0.00,0.00,0.00,36
2024-02-27,67.64,32.36,3.78,0.00,0.00,0.00,36
2024-02-20,67.64,32.36,3.78,0.00,0.00,0.00,36
2024-02-13,67.64,32.36,3.78,0.00,0.00,0.00,36
2024-02-06,64.51,35.49,5.66,0.00,0.00,0.00,41
2024-01-30,67.14,32.86,8.90,0.00,0.00,0.00,42
2024-01-23,72.58,27.42,8.90,0.00,0.00,0.00,36
2024-01-16,66.96,33.04,9.61,0.00,0.00,0.00,43
2024-01-09,64.56,35.44,9.61,0.00,0.00,0.00,45
2024-01-02,68.77,31.23,9.63,0.00,0.00,0.00,41
2023-12-26,69.74,30.26,9.63,0.00,0.00,0.00,40
2023-12-19,69.68,30.32,9.63,0.00,0.00,0.00,40
2023-12-12,73.50,26.50,9.63,0.00,0.00,0.00,36
2023-12-05,73.50,26.50,9.64,0.00,0.00,0.00,36
2023-11-28,73.50,26.50,9.64,0.00,0.00,0.00,36
2023-11-21,73.50,26.50,9.64,0.00,0.00,0.00,36
2023-11-14,73.51,26.49,9.64,0.00,0.00,0.00,36
2023-11-07,73.57,26.43,9.64,0.00,0.00,0.00,36
2023-10-31,73.52,26.48,8.31,0.00,0.00,0.00,35
2023-10-24,73.08,26.92,6.91,0.00,0.00,0.00,34
2023-10-17,73.08,26.92,6.90,0.00,0.00,0.00,34
2023-10-10,73.08,26.92,6.90,0.00,0.00,0.00,34
2023-10-03,74.41,25.59,6.94,0.00,0.00,0.00,33
2023-09-26,77.55,22.45,4.75,0.00,0.00,0.00,27
2023-09-19,77.82,22.18,4.75,0.00,0.00,0.00,27
2023-09-12,74.27,25.73,8.29,0.00,0.00,0.00,34
2023-09-05,74.27,25.73,8.29,0.00,0.00,0.00,34
2023-08-29,58.37,41.63,11.69,0.00,0.00,0.00,53
2023-08-22,58.33,41.67,11.81,0.00,0.00,0.00,53
2023-08-15,49.31,50.69,16.48,0.00,0.00,0.00,67
2023-08-08,48.68,51.32,16.48,0.00,0.00,0.00,68
2023-08-01,50.33,49.67,16.48,0.00,0.00,0.00,66
2023-07-25,56.45,43.55,9.70,0.00,0.00,0.00,53
2023-07-18,56.56,43.44,9.70,0.00,0.00,0.00,53
2023-07-11,65.76,34.24,9.70,0.00,0.00,0.00,44
2023-07-04,52.81,47.19,10.43,0.00,0.00,0.00,58
2023-06-27,52.07,47.93,10.43,0.00,0.00,0.00,58
2023-06-20,52.07,47.93,10.43,0.00,0.00,0.00,58
2023-06-13,39.24,60.76,14.13,0.00,0.00,0.00,75
2023-06-06,39.23,60.77,14.13,0.00,0.00,0.00,75
2023-05-30,37.09,62.91,14.13,0.00,0.00,0.00,77
2023-05-23,37.11,62.89,14.13,0.00,0.00,0.00,77
2023-05-16,37.11,62.89,19.26,0.00,0.00,0.00,82
2023-05-09,37.11,62.89,19.26,0.00,0.00,0.00,82
2023-05-02,37.11,62.89,19.26,5.09,0.00,0.00,87
2023-04-25,37.11,62.89,19.26,5.09,0.00,0.00,87
2023-04-18,30.64,69.36,22.19,7.36,0.00,0.00,99
2023-04-11,30.64,69.36,34.81,7.36,0.00,0.00,112
2023-04-04,9.91,90.09,40.05,8.91,0.00,0.00,139
2023-03-28,7.27,92.73,64.48,19.57,0.00,0.00,177
2023-03-21,7.01,92.99,82.04,32.96,0.98,0.00,209
2023-03-14,2.65,97.35,87.13,38.93,0.98,0.00,224
2023-03-07,2.65,97.35,87.30,39.33,1.96,0.00,226
2023-02-28,2.65,97.35,89.16,48.65,3.89,0.00,239
2023-02-21,0.73,99.27,96.32,53.44,3.89,0.00,253
2023-02-14,0.70,99.30,96.32,53.44,3.89,0.00,253
2023-02-07,0.73,99.27,96.40,53.44,3.89,0.00,253
2023-01-31,0.73,99.27,96.45,74.02,18.52,0.00,288
2023-01-24,0.70,99.30,96.45,74.02,18.52,0.00,288
2023-01-17,0.70,99.30,96.45,77.15,19.77,0.00,293
2023-01-10,0.71,99.29,96.89,83.63,26.26,0.00,306
2023-01-03,0.77,99.23,96.89,86.75,27.59,1.91,312
2022-12-27,0.00,100.00,99.10,89.61,31.11,1.91,322
2022-12-20,0.00,100.00,99.10,89.61,31.11,1.91,322
2022-12-13,0.00,100.00,99.10,89.61,31.11,1.91,322
2022-12-06,0.00,100.00,99.10,89.61,36.84,1.91,328
2022-11-29,0.00,100.00,99.40,90.91,50.55,1.91,343
2022-11-22,0.00,100.00,99.38,90.91,50.55,1.91,343
2022-11-15,0.00,100.00,99.38,90.91,50.55,1.91,343
2022-11-08,0.00,100.00,99.38,92.28,51.72,1.91,345
2022-11-01,0.00,100.00,99.38,93.86,51.72,1.91,347
2022-10-25,0.00,100.00,100.00,94.44,51.72,1.91,348
2022-10-18,0.00,100.00,100.00,94.04,51.72,3.15,349
2022-10-11,0.00,100.00,100.00,95.01,51.72,3.15,350
2022-10-04,0.00,100.00,100.00,95.63,56.39,3.63,356
2022-09-27,0.00,100.00,100.00,95.73,56.39,3.63,356
2022-09-20,0.00,100.00,100.00,95.84,56.64,3.63,356
2022-09-13,0.00,100.00,100.00,95.80,56.64,3.63,356
2022-09-06,0.00,100.00,100.00,95.80,56.64,3.63,356
2022-08-30,0.00,100.00,100.00,95.80,61.34,3.63,361
2022-08-23,0.00,100.00,100.00,96.90,62.27,3.63,363
2022-08-16,0.00,100.00,100.00,99.11,65.34,4.07,369
2022-08-09,0.00,100.00,100.00,99.60,79.12,4.07,383
2022-08-02,0.00,100.00,100.00,99.65,82.45,6.72,389
2022-07-26,0.00,100.00,100.00,99.65,83.56,7.76,391
2022-07-19,0.00,100.00,100.00,99.65,83.56,7.76,391
2022-07-12,0.00,100.00,100.00,99.64,83.03,7.76,390
2022-07-05,0.00,100.00,100.00,99.64,82.83,7.70,390
2022-06-28,0.00,100.00,100.00,99.88,82.83,7.70,390
2022-06-21,0.00,100.00,100.00,99.88,82.83,7.70,390
2022-06-14,0.00,100.00,100.00,99.88,82.83,5.71,388
2022-06-07,0.00,100.00,100.00,99.88,82.66,5.71,388
2022-05-31,0.00,100.00,100.00,99.86,71.42,0.00,371
2022-05-24,0.00,100.00,100.00,99.86,71.87,0.00,372
2022-05-17,0.00,100.00,100.00,99.47,55.67,0.00,355
2022-05-10,0.00,100.00,100.00,99.47,48.25,0.00,348
2022-05-03,0.00,100.00,100.00,99.45,43.46,0.00,343
2022-04-26,0.00,100.00,100.00,99.45,43.46,0.00,343
2022-04-19,0.00,100.00,100.00,99.39,43.46,0.00,343
2022-04-12,0.00,100.00,100.00,99.39,36.89,0.00,336
2022-04-05,0.00,100.00,100.00,99.39,36.89,0.00,336
2022-03-29,0.00,100.00,100.00,98.16,36.13,0.00,334
2022-03-22,0.00,100.00,100.00,96.93,33.34,0.00,330
2022-03-15,0.00,100.00,100.00,96.93,33.34,0.00,330
2022-03-08,0.00,100.00,100.00,96.93,33.34,0.00,330
2022-03-01,0.00,100.00,100.00,96.93,33.70,0.00,331
2022-02-22,0.00,100.00,100.00,96.88,33.64,0.00,330
2022-02-15,0.00,100.00,100.00,96.88,33.64,0.00,330
2022-02-08,0.00,100.00,100.00,93.77,33.64,0.00,327
2022-02-01,0.00,100.00,100.00,93.76,31.81,0.00,326
2022-01-25,0.00,100.00,100.00,93.76,31.81,0.00,326
2022-01-18,0.00,100.00,100.00,93.76,31.81,0.00,326
2022-01-11,0.00,100.00,100.00,93.76,31.81,0.00,326
2022-01-04,0.00,100.00,100.00,93.70,34.01,0.00,328
2021-12-28,0.00,100.00,100.00,93.85,70.70,0.00,365
2021-12-21,0.00,100.00,100.00,99.52,79.14,0.07,379
2021-12-14,0.00,100.00,100.00,99.52,78.71,0.07,378
2021-12-07,0.00,100.00,100.00,99.52,78.71,9.69,388
2021-11-30,0.00,100.00,100.00,99.52,78.71,9.69,388
2021-11-23,0.00,100.00,100.00,99.52,78.71,9.69,388
2021-11-16,0.00,100.00,100.00,99.52,78.71,9.69,388
2021-11-09,0.00,100.00,100.00,99.52,78.72,9.69,388
2021-11-02,0.00,100.00,100.00,99.52,78.72,14.09,392
2021-10-26,0.00,100.00,100.00,99.64,80.78,14.09,395
2021-10-19,0.00,100.00,100.00,100.00,84.66,14.09,399
2021-10-12,0.00,100.00,100.00,100.00,85.19,17.53,403
2021-10-05,0.00,100.00,100.00,100.00,87.61,19.40,407
2021-09-28,0.00,100.00,100.00,100.00,88.07,20.09,408
2021-09-21,0.00,100.00,100.00,100.00,88.07,20.58,409
2021-09-14,0.00,100.00,100.00,100.00,88.07,20.84,409
2021-09-07,0.00,100.00,100.00,100.00,88.07,20.84,409
2021-08-31,0.00,100.00,100.00,100.00,88.07,24.46,413
2021-08-24,0.00,100.00,100.00,100.00,88.07,43.69,432
2021-08-17,0.00,100.00,100.00,100.00,98.75,50.50,449
2021-08-10,0.00,100.00,100.00,100.00,98.75,50.50,449
2021-08-03,0.00,100.00,100.00,100.00,99.43,50.77,450
2021-07-27,0.00,100.00,100.00,100.00,98.94,52.30,451
2021-07-20,0.00,100.00,100.00,100.00,99.94,69.69,470
2021-07-13,0.00,100.00,100.00,99.94,98.72,65.41,464
2021-07-06,0.00,100.00,100.00,99.94,98.19,65.23,463
2021-06-29,0.00,100.00,100.00,99.94,98.05,65.23,463
2021-06-22,0.00,100.00,100.00,99.40,92.52,65.23,457
2021-06-15,0.00,100.00,100.00,97.90,90.15,63.97,452
2021-06-08,0.00,100.00,100.00,97.90,90.15,63.97,452
2021-06-01,0.00,100.00,100.00,97.92,90.15,62.18,450
2021-05-25,0.00,100.00,100.00,97.92,90.15,62.18,450
2021-05-18,0.00,100.00,100.00,97.94,90.20,58.83,447
2021-05-11,0.00,100.00,100.00,98.19,90.20,58.83,447
2021-05-04,0.00,100.00,100.00,98.19,90.20,57.21,446
2021-04-27,0.00,100.00,100.00,98.19,90.20,57.21,446
2021-04-20,0.00,100.00,100.00,98.19,90.20,57.20,446
2021-04-13,0.00,100.00,99.84,98.13,90.20,57.20,445
2021-04-06,0.00,100.00,99.82,97.04,90.20,57.20,444
2021-03-30,0.00,100.00,99.82,97.04,90.20,57.20,444
2021-03-23,0.00,100.00,99.82,97.04,90.20,57.20,444
2021-03-16,0.00,100.00,99.82,97.16,90.20,57.20,444
2021-03-09,0.00,100.00,100.00,97.16,90.20,57.20,445
2021-03-02,0.00,100.00,100.00,97.16,90.20,57.20,445
2021-02-23,0.00,100.00,100.00,98.13,90.20,57.20,446
2021-02-16,0.00,100.00,100.00,98.13,90.24,57.20,446
2021-02-09,0.00,100.00,100.00,98.13,90.24,69.68,458
2021-02-02,0.00,100.00,100.00,98.13,90.24,69.68,458
2021-01-26,0.00,100.00,100.00,97.90,90.24,69.99,458
2021-01-19,0.00,100.00,100.00,97.90,90.11,69.99,458
2021-01-12,0.00,100.00,100.00,97.37,90.11,68.56,456
2021-01-05,0.00,100.00,100.00,97.38,90.11,68.56,456
2020-12-29,0.00,100.00,100.00,97.38,90.11,68.56,456
2020-12-22,0.00,100.00,100.00,97.38,90.11,68.56,456
2020-12-15,0.00,100.00,100.00,97.38,90.11,68.56,456
2020-12-08,0.00,100.00,100.00,97.33,90.11,68.56,456
2020-12-01,0.00,100.00,100.00,95.07,90.11,68.56,454
2020-11-24,0.00,100.00,100.00,93.20,87.11,46.10,426
2020-11-17,0.00,100.00,100.00,93.20,87.11,40.64,421
2020-11-10,0.00,100.00,100.00,93.20,87.26,31.77,412
2020-11-03,0.00,100.00,100.00,93.20,87.26,28.85,409
2020-10-27,0.00,100.00,100.00,93.20,87.26,28.85,409
2020-10-20,0.00,100.00,100.00,93.20,87.26,28.85,409
2020-10-13,0.00,100.00,100.00,93.20,87.26,15.85,396
2020-10-06,0.00,100.00,100.00,93.20,87.26,15.85,396
2020-09-29,0.00,100.00,99.62,93.20,87.26,12.80,393
2020-09-22,0.00,100.00,98.90,93.20,83.93,10.07,386
2020-09-15,0.00,100.00,98.90,93.20,82.83,5.80,381
2020-09-08,0.00,100.00,98.90,93.20,82.83,3.00,378
2020-09-01,0.67,99.33,97.91,91.52,46.04,0.00,335
2020-08-25,0.65,99.35,97.91,83.67,46.04,0.00,327
2020-08-18,1.23,98.77,97.87,78.88,28.60,0.00,304
2020-08-11,1.26,98.74,97.87,68.91,24.00,0.00,289
2020-08-04,1.26,98.74,93.71,62.77,10.20,0.00,265
2020-07-28,1.26,98.74,93.71,62.76,9.28,0.00,264
2020-07-21,1.26,98.74,90.97,55.74,1.21,0.00,247
2020-07-14,3.99,96.01,89.44,47.99,1.21,0.00,235
2020-07-07,3.96,96.04,81.88,47.99,1.21,0.00,227
2020-06-30,3.96,96.04,81.89,47.99,1.21,0.00,227
2020-06-23,3.36,96.64,82.28,26.65,1.21,0.00,207
2020-06-16,3.36,96.64,83.06,27.21,1.21,0.00,208
2020-06-09,3.36,96.64,83.06,25.60,1.21,0.00,207
2020-06-02,9.44,90.56,80.73,29.05,0.00,0.00,200
2020-05-26,9.44,90.56,80.73,15.08,0.00,0.00,186
2020-05-19,9.44,90.56,80.73,8.47,0.00,0.00,180
2020-05-12,9.45,90.55,60.66,4.61,0.00,0.00,156
2020-05-05,13.53,86.47,60.66,4.61,0.00,0.00,152
2020-04-28,25.09,74.91,48.76,4.61,0.00,0.00,128
2020-04-21,22.15,77.85,48.76,4.61,0.00,0.00,131
2020-04-14,22.15,77.85,46.54,2.19,0.00,0.00,127
2020-04-07,22.15,77.85,46.54,1.25,0.00,0.00,126
2020-03-31,22.15,77.85,44.52,1.25,0.00,0.00,124
2020-03-24,19.06,80.94,44.41,1.25,0.00,0.00,127
2020-03-17,18.95,81.05,51.98,1.25,0.00,0.00,134
2020-03-10,23.46,76.54,58.62,1.33,0.00,0.00,136
2020-03-03,21.43,78.57,58.62,1.33,0.00,0.00,139
2020-02-25,29.81,70.19,53.83,1.33,0.00,0.00,125
2020-02-18,29.77,70.23,55.38,1.33,0.00,0.00,127
2020-02-11,29.77,70.23,55.38,1.33,0.00,0.00,127
2020-02-04,25.76,74.24,55.72,2.38,0.00,0.00,132
2020-01-28,25.76,74.24,55.72,2.38,0.00,0.00,132
2020-01-21,17.19,82.81,55.72,14.75,0.00,0.00,153
2020-01-14,17.19,82.81,55.72,14.75,0.00,0.00,153
2020-01-07,17.19,82.81,55.72,14.75,0.00,0.00,153
2019-12-31,17.19,82.81,55.72,30.47,0.00,0.00,169
2019-12-24,16.07,83.93,57.55,31.23,0.00,0.00,173
2019-12-17,16.07,83.93,57.55,31.23,0.00,0.00,173
2019-12-10,15.92,84.08,59.02,31.23,0.00,0.00,174
2019-12-03,15.50,84.50,62.03,31.90,0.00,0.00,178
2019-11-26,15.39,84.61,64.47,42.59,2.03,0.00,194
2019-11-19,17.80,82.20,64.47,42.59,2.03,0.00,191
2019-11-12,18.20,81.80,63.87,42.53,0.00,0.00,188
2019-11-05,18.22,81.78,62.40,37.62,0.00,0.00,182
2019-10-29,18.22,81.78,62.40,37.62,0.00,0.00,182
2019-10-22,18.22,81.78,62.40,37.62,0.00,0.00,182
2019-10-15,28.03,71.97,40.73,17.28,0.00,0.00,130
2019-10-08,28.03,71.97,40.73,12.51,0.00,0.00,125
2019-10-01,45.82,54.18,29.59,0.00,0.00,0.00,84
2019-09-24,45.82,54.18,16.33,0.00,0.00,0.00,71
2019-09-17,45.82,54.18,12.78,0.00,0.00,0.00,67
2019-09-10,21.81,78.19,12.78,0.00,0.00,0.00,91
2019-09-03,21.81,78.19,4.35,0.00,0.00,0.00,83
2019-08-27,81.74,18.26,1.09,0.00,0.00,0.00,19
2019-08-20,82.01,17.99,0.00,0.00,0.00,0.00,18
2019-08-13,82.06,17.94,0.00,0.00,0.00,0.00,18
2019-08-06,85.51,14.49,0.00,0.00,0.00,0.00,14
2019-07-30,85.51,14.49,0.00,0.00,0.00,0.00,14
2019-07-23,87.23,12.77,0.00,0.00,0.00,0.00,13
2019-07-16,99.97,0.03,0.00,0.00,0.00,0.00,0
2019-07-09,99.97,0.03,0.00,0.00,0.00,0.00,0
2019-07-02,99.97,0.03,0.00,0.00,0.00,0.00,0
2019-06-25,99.97,0.03,0.00,0.00,0.00,0.00,0
2019-06-18,99.97,0.03,0.00,0.00,0.00,0.00,0
2019-06-11,99.92,0.08,0.00,0.00,0.00,0.00,0
2019-06-04,99.47,0.53,0.01,0.00,0.00,0.00,1
2019-05-28,99.47,0.53,0.01,0.00,0.00,0.00,1
2019-05-21,99.45,0.55,0.01,0.00,0.00,0.00,1
2019-05-14,97.86,2.14,0.44,0.00,0.00,0.00,3
2019-05-07,97.55,2.45,0.44,0.00,0.00,0.00,3
2019-04-30,97.55,2.45,0.44,0.00,0.00,0.00,3
2019-04-23,95.34,4.66,1.31,0.00,0.00,0.00,6
2019-04-16,81.91,18.09,1.49,0.00,0.00,0.00,20
2019-04-09,63.36,36.64,3.23,0.00,0.00,0.00,40
2019-04-02,62.94,37.06,3.24,0.00,0.00,0.00,40
2019-03-26,62.94,37.06,3.24,0.00,0.00,0.00,40
2019-03-19,12.54,87.46,8.93,0.00,0.00,0.00,96
2019-03-12,7.06,92.94,10.80,0.00,0.00,0.00,104
2019-03-05,2.43,97.57,64.56,1.54,0.00,0.00,164
2019-02-26,2.43,97.57,64.41,3.98,0.00,0.00,166
2019-02-19,0.00,100.00,93.49,16.75,0.64,0.00,211
2019-02-12,0.00,100.00,93.80,19.73,1.79,0.00,215
2019-02-05,0.00,100.00,96.10,20.95,1.79,0.00,219
2019-01-29,0.00,100.00,96.10,20.95,1.79,0.00,219
2019-01-22,0.00,100.00,96.12,37.16,1.79,0.00,235
2019-01-15,0.00,100.00,100.00,73.31,5.38,1.80,280
2019-01-08,0.00,100.00,99.96,73.31,5.38,1.80,280
2019-01-01,0.00,100.00,99.96,73.31,7.70,1.80,283
2018-12-25,0.00,100.00,99.96,73.31,7.70,1.80,283
2018-12-18,0.00,100.00,99.96,73.33,7.70,1.80,283
2018-12-11,0.00,100.00,99.96,73.33,7.70,1.80,283
2018-12-04,0.00,100.00,99.96,73.33,8.44,1.83,284
2018-11-27,0.00,100.00,99.96,76.10,17.79,3.01,297
2018-11-20,0.00,100.00,99.96,76.10,17.79,3.01,297
2018-11-13,0.00,100.00,99.96,76.10,17.79,3.01,297
2018-11-06,0.00,100.00,99.96,76.10,17.79,3.01,297
2018-10-30,0.00,100.00,99.96,76.10,26.84,3.01,306
2018-10-23,0.00,100.00,99.96,76.13,26.84,3.01,306
2018-10-16,0.00,100.00,99.96,76.13,26.84,3.01,306
2018-10-09,0.00,100.00,99.96,76.33,27.13,3.01,306
2018-10-02,0.00,100.00,99.96,87.58,46.68,7.24,341
2018-09-25,0.00,100.00,99.96,87.58,46.68,7.24,341
2018-09-18,0.00,100.00,99.96,74.69,38.61,7.24,321
2018-09-11,0.00,100.00,99.96,74.69,37.33,7.24,319
2018-09-04,0.00,100.00,99.96,73.48,37.33,7.24,318
2018-08-28,0.00,100.00,99.96,69.89,37.33,7.24,314
2018-08-21,0.00,100.00,99.96,74.18,37.33,7.24,319
2018-08-14,0.00,100.00,99.96,74.18,37.33,7.24,319
2018-08-07,0.00,100.00,99.72,74.18,37.33,7.24,318
2018-07-31,0.00,100.00,99.72,69.93,42.20,7.24,319
2018-07-24,0.00,100.00,92.66,61.01,42.20,7.24,303
2018-07-17,0.00,100.00,92.61,61.01,42.20,7.24,303
2018-07-10,0.00,100.00,92.57,61.01,42.20,7.24,303
2018-07-03,0.00,100.00,92.65,60.95,29.79,7.24,291
2018-06-26,0.00,100.00,92.65,60.95,29.79,7.24,291
2018-06-19,0.00,100.00,92.65,59.75,27.75,4.02,284
2018-06-12,0.00,100.00,92.65,59.75,27.75,4.02,284
2018-06-05,0.00,100.00,92.67,59.75,27.75,4.02,284
2018-05-29,0.00,100.00,92.67,59.75,27.75,4.02,284
2018-05-22,0.00,100.00,92.67,59.75,27.75,4.02,284
2018-05-15,0.00,100.00,90.52,58.29,27.81,4.02,281
2018-05-08,0.00,100.00,90.43,58.29,27.81,4.02,281
2018-05-01,0.00,100.00,90.43,58.46,27.80,3.74,280
2018-04-24,0.00,100.00,90.43,58.46,27.80,3.74,280
2018-04-17,0.00,100.00,91.14,59.11,26.96,3.74,281
2018-04-10,0.00,100.00,91.14,59.11,26.96,2.89,280
2018-04-03,0.00,100.00,91.14,59.11,21.05,0.00,271
2018-03-27,0.00,100.00,90.96,56.92,19.96,0.00,268
2018-03-20,0.00,100.00,94.05,56.92,23.42,0.00,274
2018-03-13,0.00,100.00,94.05,58.90,23.42,0.00,276
2018-03-06,0.00,100.00,94.07,51.65,15.71,0.00,261
2018-02-27,0.00,100.00,94.07,51.65,12.72,0.00,258
2018-02-20,0.00,100.00,94.07,50.89,4.36,0.00,249
2018-02-13,0.00,100.00,94.08,50.89,0.00,0.00,245
2018-02-06,0.00,100.00,93.93,50.94,0.00,0.00,245
2018-01-30,0.00,100.00,93.99,47.53,0.00,0.00,242
2018-01-23,2.04,97.96,79.87,31.66,0.00,0.00,209
2018-01-16,2.04,97.96,79.87,31.66,0.00,0.00,209
2018-01-09,9.46,90.54,77.30,26.31,0.00,0.00,194
2018-01-02,9.73,90.27,61.37,19.64,0.00,0.00,171
2017-12-26,9.73,90.27,61.37,16.67,0.00,0.00,168
2017-12-19,9.73,90.27,61.37,16.67,0.00,0.00,168
2017-12-12,15.33,84.67,61.37,0.00,0.00,0.00,146
2017-12-05,15.33,84.67,53.40,0.00,0.00,0.00,138
2017-11-28,15.33,84.67,52.00,0.00,0.00,0.00,137
2017-11-21,18.84,81.16,17.69,0.00,0.00,0.00,99
2017-11-14,25.89,74.11,12.48,0.00,0.00,0.00,87
2017-11-07,30.31,69.69,12.48,0.00,0.00,0.00,82
2017-10-31,36.07,63.93,12.48,0.00,0.00,0.00,76
2017-10-24,43.53,56.47,6.97,0.00,0.00,0.00,63
2017-10-17,48.76,51.24,6.98,0.00,0.00,0.00,58
2017-10-10,50.09,49.91,6.98,0.00,0.00,0.00,57
2017-10-03,50.04,49.96,6.93,0.00,0.00,0.00,57
2017-09-26,50.04,49.96,7.82,0.00,0.00,0.00,58
2017-09-19,35.52,64.48,7.82,0.00,0.00,0.00,72
2017-09-12,35.58,64.42,7.82,0.00,0.00,0.00,72
2017-09-05,35.58,64.42,7.82,0.00,0.00,0.00,72
2017-08-29,66.74,33.26,6.40,0.00,0.00,0.00,40
2017-08-22,66.74,33.26,6.40,0.00,0.00,0.00,40
2017-08-15,69.82,30.18,6.05,0.00,0.00,0.00,36
2017-08-08,56.13,43.87,6.05,0.00,0.00,0.00,50
2017-08-01,56.09,43.91,6.05,0.00,0.00,0.00,50
2017-07-25,39.37,60.63,6.05,0.00,0.00,0.00,67
2017-07-18,46.26,53.74,6.05,0.00,0.00,0.00,60
2017-07-11,53.19,46.81,6.05,0.00,0.00,0.00,53
2017-07-04,61.18,38.82,3.61,0.00,0.00,0.00,42
2017-06-27,69.97,30.03,0.00,0.00,0.00,0.00,30
2017-06-20,69.97,30.03,0.00,0.00,0.00,0.00,30
2017-06-13,77.43,22.57,0.00,0.00,0.00,0.00,23
2017-06-06,77.43,22.57,0.00,0.00,0.00,0.00,23
2017-05-30,83.28,16.72,0.00,0.00,0.00,0.00,17
2017-05-23,83.28,16.72,0.00,0.00,0.00,0.00,17
2017-05-16,83.11,16.89,0.00,0.00,0.00,0.00,17
2017-05-09,87.23,12.77,0.00,0.00,0.00,0.00,13
2017-05-02,87.23,12.77,0.00,0.00,0.00,0.00,13
2017-04-25,100.00,0.00,0.00,0.00,0.00,0.00,0
2017-04-18,100.00,0.00,0.00,0.00,0.00,0.00,0
2017-04-11,100.00,0.00,0.00,0.00,0.00,0.00,0
2017-04-04,100.00,0.00,0.00,0.00,0.00,0.00,0
2017-03-28,100.00,0.00,0.00,0.00,0.00,0.00,0
2017-03-21,100.00,0.00,0.00,0.00,0.00,0.00,0
2017-03-14,100.00,0.00,0.00,0.00,0.00,0.00,0
2017-03-07,86.80,13.20,0.00,0.00,0.00,0.00,13
2017-02-28,86.80,13.20,0.00,0.00,0.00,0.00,13
2017-02-21,86.80,13.20,0.00,0.00,0.00,0.00,13
2017-02-14,86.80,13.20,0.00,0.00,0.00,0.00,13
2017-02-07,86.80,13.20,0.00,0.00,0.00,0.00,13
2017-01-31,64.24,35.76,0.00,0.00,0.00,0.00,36
2017-01-24,61.84,38.16,0.00,0.00,0.00,0.00,38
2017-01-17,54.91,45.09,0.00,0.00,0.00,0.00,45
2017-01-10,54.91,45.09,0.00,0.00,0.00,0.00,45
2017-01-03,48.15,51.85,13.25,0.00,0.00,0.00,65
2016-12-27,35.81,64.19,13.25,0.00,0.00,0.00,77
2016-12-20,24.68,75.32,14.21,2.18,0.00,0.00,92
2016-12-13,29.10,70.90,14.21,2.45,0.00,0.00,88
2016-12-06,29.49,70.51,14.21,2.45,0.00,0.00,87
2016-11-29,29.49,70.51,14.21,2.45,0.00,0.00,87
2016-11-22,29.49,70.51,14.21,2.45,0.00,0.00,87
2016-11-15,29.49,70.51,14.21,2.45,0.00,0.00,87
2016-11-08,29.49,70.51,14.21,2.45,0.00,0.00,87
2016-11-01,39.87,60.13,14.21,2.45,0.00,0.00,77
2016-10-25,46.26,53.74,14.21,2.45,0.00,0.00,70
2016-10-18,46.26,53.74,14.21,2.45,0.00,0.00,70
2016-10-11,46.21,53.79,14.21,2.45,0.00,0.00,70
2016-10-04,42.52,57.48,14.21,2.45,0.00,0.00,74
2016-09-27,42.08,57.92,14.21,2.45,0.00,0.00,75
2016-09-20,14.81,85.19,17.47,3.86,0.00,0.00,107
2016-09-13,14.81,85.19,20.78,4.14,0.00,0.00,110
2016-09-06,23.39,76.61,17.34,1.11,0.00,0.00,95
2016-08-30,40.58,59.42,5.04,0.00,0.00,0.00,64
2016-08-23,37.09,62.91,5.67,0.00,0.00,0.00,69
2016-08-16,44.55,55.45,4.04,0.00,0.00,0.00,59
2016-08-09,44.55,55.45,4.04,0.00,0.00,0.00,59
2016-08-02,44.55,55.45,4.04,0.00,0.00,0.00,59
2016-07-26,44.55,55.45,4.04,0.00,0.00,0.00,59
2016-07-19,50.41,49.59,0.00,0.00,0.00,0.00,50
2016-07-12,50.63,49.37,0.00,0.00,0.00,0.00,49
2016-07-05,50.63,49.37,0.00,0.00,0.00,0.00,49
2016-06-28,50.63,49.37,0.00,0.00,0.00,0.00,49
2016-06-21,53.23,46.77,0.00,0.00,0.00,0.00,47
2016-06-14,53.23,46.77,0.00,0.00,0.00,0.00,47
2016-06-07,53.23,46.77,0.00,0.00,0.00,0.00,47
2016-05-31,53.23,46.77,0.00,0.00,0.00,0.00,47
2016-05-24,36.24,63.76,0.00,0.00,0.00,0.00,64
2016-05-17,33.72,66.28,0.00,0.00,0.00,0.00,66
2016-05-10,33.66,66.34,12.35,0.00,0.00,0.00,79
2016-05-03,24.08,75.92,12.35,0.00,0.00,0.00,88
2016-04-26,4.41,95.59,30.09,12.79,0.00,0.00,138
2016-04-19,33.70,66.30,30.09,12.79,0.00,0.00,109
2016-04-12,33.74,66.26,30.09,12.79,0.00,0.00,109
2016-04-05,35.00,65.00,30.09,12.79,0.00,0.00,108
2016-03-29,34.19,65.81,30.09,12.79,0.00,0.00,109
2016-03-22,34.22,65.78,30.09,12.79,0.00,0.00,109
2016-03-15,34.21,65.79,30.09,12.79,0.00,0.00,109
2016-03-08,34.21,65.79,30.09,12.79,0.00,0.00,109
2016-03-01,37.16,62.84,30.09,12.79,0.00,0.00,106
2016-02-23,37.26,62.74,30.09,12.79,0.00,0.00,106
2016-02-16,37.26,62.74,30.09,12.79,0.00,0.00,106
2016-02-09,37.26,62.74,30.09,12.79,0.00,0.00,106
2016-02-02,37.26,62.74,30.09,12.79,0.00,0.00,106
2016-01-26,37.25,62.75,29.91,12.73,0.00,0.00,105
2016-01-19,37.25,62.75,29.91,12.73,0.00,0.00,105
2016-01-12,28.17,71.83,37.04,20.98,0.00,0.00,130
2016-01-05,24.82,75.18,50.77,20.98,0.00,0.00,147
2015-12-29,22.68,77.32,53.37,22.34,0.00,0.00,153
2015-12-22,22.67,77.33,53.37,22.34,0.00,0.00,153
2015-12-15,22.61,77.39,53.37,22.52,0.00,0.00,153
2015-12-08,22.52,77.48,53.37,22.52,0.00,0.00,153
2015-12-01,22.52,77.48,53.37,22.52,0.00,0.00,153
2015-11-24,19.90,80.10,53.53,26.16,0.00,0.00,160
2015-11-17,19.90,80.10,53.53,26.16,0.00,0.00,160
2015-11-10,19.90,80.10,53.53,26.18,0.00,0.00,160
2015-11-03,18.56,81.44,53.53,26.18,0.00,0.00,161
2015-10-27,18.56,81.44,55.73,26.18,0.00,0.00,163
2015-10-20,12.06,87.94,59.03,26.18,0.00,0.00,173
2015-10-13,12.59,87.41,61.11,26.82,0.00,0.00,175
2015-10-06,12.59,87.41,61.11,26.82,0.00,0.00,175
2015-09-29,11.92,88.08,63.03,26.82,0.00,0.00,178
2015-09-22,11.92,88.08,63.03,26.82,0.00,0.00,178
2015-09-15,11.92,88.08,63.03,26.82,0.00,0.00,178
2015-09-08,11.92,88.08,63.12,26.82,0.00,0.00,178
2015-09-01,11.92,88.08,63.12,26.82,0.00,0.00,178
2015-08-25,11.92,88.08,63.12,26.82,0.00,0.00,178
2015-08-18,11.92,88.08,63.12,26.82,0.00,0.00,178
2015-08-11,11.92,88.08,63.12,26.82,0.00,0.00,178
2015-08-04,11.92,88.08,65.03,26.82,0.00,0.00,180
2015-07-28,11.92,88.08,65.03,26.82,0.00,0.00,180
2015-07-21,11.92,88.08,65.03,26.82,0.00,0.00,180
2015-07-14,11.92,88.08,65.03,26.82,0.00,0.00,180
2015-07-07,10.07,89.93,65.03,26.82,0.00,0.00,182
2015-06-30,10.07,89.93,65.03,26.84,0.00,0.00,182
2015-06-23,10.07,89.93,65.03,26.84,0.00,0.00,182
2015-06-16,10.07,89.93,65.03,26.84,0.00,0.00,182
2015-06-09,0.00,100.00,69.53,31.23,0.00,0.00,201
2015-06-02,0.00,100.00,90.63,34.38,9.32,0.00,234
2015-05-26,0.00,100.00,90.63,34.38,9.32,0.00,234
2015-05-19,0.00,100.00,99.19,35.73,9.32,0.00,244
2015-05-12,0.00,100.00,99.19,45.74,9.99,0.00,255
2015-05-05,0.00,100.00,99.19,45.74,9.99,0.00,255
2015-04-28,0.00,100.00,99.19,45.74,9.99,0.00,255
2015-04-21,0.00,100.00,99.19,53.22,9.32,0.00,262
2015-04-14,0.00,100.00,99.19,53.22,9.32,0.00,262
2015-04-07,0.00,100.00,99.05,53.22,9.32,0.00,262
2015-03-31,0.00,100.00,99.05,51.83,9.32,0.00,260
2015-03-24,0.00,100.00,99.05,35.05,9.32,0.00,243
2015-03-17,0.00,100.00,95.11,18.68,1.88,0.00,216
2015-03-10,0.00,100.00,95.11,14.03,1.88,0.00,211
2015-03-03,0.00,100.00,95.07,13.02,1.88,0.00,210
2015-02-24,0.00,100.00,95.07,17.85,1.88,0.00,215
2015-02-17,4.39,95.61,85.71,12.54,0.00,0.00,194
2015-02-10,4.39,95.61,60.65,12.54,0.00,0.00,169
2015-02-03,6.82,93.18,60.65,12.51,0.00,0.00,166
2015-01-27,6.82,93.18,60.65,12.51,0.00,0.00,166
2015-01-20,18.90,81.10,59.09,12.51,0.00,0.00,153
2015-01-13,18.90,81.10,58.99,12.48,0.00,0.00,153
2015-01-06,18.90,81.10,58.99,12.48,0.00,0.00,153
2014-12-30,18.93,81.07,58.99,12.98,0.00,0.00,153
2014-12-23,18.93,81.07,58.99,12.98,0.00,0.00,153
2014-12-16,18.93,81.07,58.99,12.98,0.00,0.00,153
2014-12-09,18.93,81.07,58.99,12.98,0.00,0.00,153
2014-12-02,18.93,81.07,58.99,12.98,0.00,0.00,153
2014-11-25,18.93,81.07,58.99,12.98,0.00,0.00,153
2014-11-18,19.01,80.99,58.99,12.98,0.00,0.00,153
2014-11-11,19.01,80.99,58.99,12.98,0.00,0.00,153
2014-11-04,19.30,80.70,59.15,12.98,0.00,0.00,153
2014-10-28,19.31,80.69,59.15,12.98,0.00,0.00,153
2014-10-21,19.18,80.82,59.15,12.98,0.00,0.00,153
2014-10-14,19.18,80.82,59.15,12.98,0.00,0.00,153
2014-10-07,18.89,81.11,59.43,12.98,0.00,0.00,154
2014-09-30,18.89,81.11,59.30,12.98,0.00,0.00,153
2014-09-23,15.33,84.67,67.90,13.30,0.02,0.00,166
2014-09-16,11.55,88.45,68.34,16.17,0.03,0.00,173
2014-09-09,11.55,88.45,69.96,18.82,0.03,0.00,177
2014-09-02,11.55,88.45,70.01,18.82,0.03,0.00,177
2014-08-26,9.26,90.74,81.56,27.32,0.03,0.00,200
2014-08-19,9.26,90.74,81.92,30.78,1.43,0.00,205
2014-08-12,9.26,90.74,81.99,30.78,1.43,0.00,205
2014-08-05,9.08,90.92,76.28,29.45,1.43,0.00,198
2014-07-29,9.08,90.92,75.52,26.98,1.43,0.00,195
2014-07-22,9.08,90.92,75.38,26.98,1.43,0.00,195
2014-07-15,9.08,90.92,72.34,21.77,0.95,0.00,186
2014-07-08,9.08,90.92,72.34,21.77,0.95,0.00,186
2014-07-01,9.08,90.92,72.34,21.77,0.95,0.00,186
2014-06-24,9.08,90.92,72.34,21.77,0.00,0.00,185
2014-06-17,9.08,90.92,72.34,21.77,0.00,0.00,185
2014-06-10,9.08,90.92,72.34,21.87,0.00,0.00,185
2014-06-03,9.08,90.92,72.34,21.87,0.00,0.00,185
2014-05-27,9.04,90.96,72.34,21.87,0.00,0.00,185
2014-05-20,9.04,90.96,72.34,21.87,0.00,0.00,185
2014-05-13,9.04,90.96,72.34,21.87,0.00,0.00,185
2014-05-06,5.57,94.43,72.34,21.85,0.00,0.00,189
2014-04-29,5.57,94.43,72.34,21.94,0.00,0.00,189
2014-04-22,5.57,94.43,69.80,17.94,0.00,0.00,182
2014-04-15,5.57,94.43,69.80,17.94,0.00,0.00,182
2014-04-08,5.48,94.52,69.84,17.80,0.00,0.00,182
2014-04-01,0.55,99.45,64.82,16.36,0.00,0.00,181
2014-03-25,0.55,99.45,64.54,16.32,0.00,0.00,180
2014-03-18,0.55,99.45,59.23,16.32,0.00,0.00,175
2014-03-11,0.03,99.97,55.51,11.44,0.00,0.00,167
2014-03-04,0.05,99.95,55.51,11.44,0.00,0.00,167
2014-02-25,0.05,99.95,55.29,11.19,0.00,0.00,166
2014-02-18,0.05,99.95,54.85,11.19,0.00,0.00,166
2014-02-11,0.00,100.00,55.32,13.03,0.00,0.00,168
2014-02-04,0.00,100.00,58.10,14.10,0.00,0.00,172
2014-01-28,0.00,100.00,58.10,14.10,0.00,0.00,172
2014-01-21,0.00,100.00,58.18,14.10,0.00,0.00,172
2014-01-14,0.00,100.00,58.18,14.10,0.00,0.00,172
2014-01-07,0.00,100.00,58.37,14.10,0.00,0.00,172
2013-12-31,0.00,100.00,58.28,14.10,0.00,0.00,172
2013-12-24,0.00,100.00,58.28,14.10,0.00,0.00,172
2013-12-17,0.00,100.00,58.28,14.10,0.00,0.00,172
2013-12-10,0.00,100.00,58.28,14.10,0.00,0.00,172
2013-12-03,0.00,100.00,65.18,16.33,0.00,0.00,181
2013-11-26,0.00,100.00,65.18,16.33,0.00,0.00,181
2013-11-19,0.00,100.00,83.93,16.33,0.00,0.00,200
2013-11-12,0.00,100.00,81.82,16.33,0.00,0.00,198
2013-11-05,0.00,100.00,81.78,16.33,0.00,0.00,198
2013-10-29,0.00,100.00,86.71,16.33,0.00,0.00,203
2013-10-22,0.00,100.00,86.71,16.33,0.00,0.00,203
2013-10-15,0.00,100.00,86.63,16.33,0.00,0.00,203
2013-10-08,0.00,100.00,86.59,16.33,0.00,0.00,203
2013-10-01,0.00,100.00,86.59,16.33,0.00,0.00,203
2013-09-24,0.00,100.00,86.59,17.52,0.00,0.00,204
2013-09-17,0.00,100.00,92.81,18.25,0.00,0.00,211
2013-09-10,0.00,100.00,92.81,53.69,0.16,0.00,247
2013-09-03,0.00,100.00,92.81,53.81,5.16,0.00,252
2013-08-27,0.00,100.00,92.81,54.79,5.91,0.00,254
2013-08-20,0.00,100.00,92.81,54.81,5.91,0.00,254
2013-08-13,0.00,100.00,92.81,46.70,5.91,0.00,245
2013-08-06,0.00,100.00,92.81,46.70,5.91,0.00,245
2013-07-30,0.00,100.00,92.81,43.00,7.54,0.00,243
2013-07-23,0.00,100.00,92.81,41.74,7.54,0.00,242
2013-07-16,0.00,100.00,99.03,48.27,7.54,0.00,255
2013-07-09,0.00,100.00,99.03,48.22,7.54,0.00,255
2013-07-02,0.00,100.00,99.99,48.22,7.54,0.00,256
2013-06-25,0.00,100.00,99.99,48.10,5.41,0.00,254
2013-06-18,0.00,100.00,99.99,48.04,5.29,0.00,253
2013-06-11,0.00,100.00,99.99,47.53,0.81,0.00,248
2013-06-04,0.00,100.00,99.60,47.83,0.81,0.00,248
2013-05-28,0.00,100.00,99.46,50.24,1.53,0.00,251
2013-05-21,0.00,100.00,99.46,50.24,1.53,0.00,251
2013-05-14,0.00,100.00,99.46,47.09,1.53,0.00,248
2013-05-07,0.00,100.00,96.29,51.39,1.53,0.00,249
2013-04-30,0.00,100.00,96.29,51.39,1.53,0.00,249
2013-04-23,0.00,100.00,96.29,49.42,1.53,0.00,247
2013-04-16,0.00,100.00,96.27,44.29,1.53,0.00,242
2013-04-09,0.00,100.00,96.27,44.29,1.53,0.00,242
2013-04-02,0.00,100.00,96.27,46.36,1.53,0.00,244
2013-03-26,0.00,100.00,96.27,46.36,1.53,0.00,244
2013-03-19,0.00,100.00,96.27,46.36,1.53,0.00,244
2013-03-12,0.00,100.00,96.27,46.36,1.53,0.00,244
2013-03-05,0.00,100.00,96.26,51.59,1.53,0.00,249
2013-02-26,0.00,100.00,99.89,55.35,2.05,0.00,257
2013-02-19,0.00,100.00,99.90,55.35,2.05,0.00,257
2013-02-12,0.00,100.00,99.90,55.35,2.02,0.00,257
2013-02-05,0.00,100.00,99.90,63.96,9.74,0.00,274
2013-01-29,0.00,100.00,99.90,63.96,13.95,0.00,278
2013-01-22,0.00,100.00,99.91,63.96,13.95,0.00,278
2013-01-15,0.00,100.00,99.91,63.96,13.95,0.00,278
2013-01-08,0.00,100.00,99.91,64.02,13.89,0.00,278
2013-01-01,0.00,100.00,99.99,66.47,21.34,0.00,288
2012-12-25,0.00,100.00,99.99,72.12,26.81,0.00,299
2012-12-18,0.00,100.00,99.99,72.12,26.81,0.00,299
2012-12-11,0.00,100.00,99.99,72.12,26.99,0.00,299
2012-12-04,0.00,100.00,99.99,67.05,26.99,0.00,294
2012-11-27,0.00,100.00,99.99,67.05,26.99,0.00,294
2012-11-20,0.00,100.00,99.99,67.05,26.99,0.00,294
2012-11-13,0.00,100.00,99.99,67.05,26.99,0.00,294
2012-11-06,0.00,100.00,99.99,79.44,32.39,0.00,312
2012-10-30,0.00,100.00,99.99,79.44,32.39,0.00,312
2012-10-23,0.00,100.00,99.99,79.44,32.40,0.00,312
2012-10-16,0.00,100.00,99.99,79.51,22.53,0.00,302
2012-10-09,0.00,100.00,100.00,82.36,22.53,0.00,305
2012-10-02,0.00,100.00,100.00,82.36,22.53,0.00,305
2012-09-25,0.00,100.00,100.00,83.18,22.53,0.00,306
2012-09-18,0.00,100.00,100.00,83.18,22.53,0.00,306
2012-09-11,0.00,100.00,100.00,85.94,22.53,0.00,308
2012-09-04,0.00,100.00,100.00,87.28,22.53,0.00,310
2012-08-28,0.00,100.00,100.00,87.68,29.77,0.00,317
2012-08-21,0.00,100.00,100.00,87.19,29.48,0.00,317
2012-08-14,0.00,100.00,98.48,72.43,29.52,0.00,300
2012-08-07,0.00,100.00,98.52,72.43,29.39,0.00,300
2012-07-31,0.00,100.00,98.52,72.47,29.76,0.00,301
2012-07-24,0.00,100.00,98.52,72.47,31.49,0.00,302
2012-07-17,0.00,100.00,98.52,72.47,31.49,0.00,302
2012-07-10,0.00,100.00,89.12,72.47,31.49,0.00,293
2012-07-03,0.00,100.00,88.90,69.56,26.93,0.00,285
2012-06-26,0.00,100.00,88.04,69.58,26.93,0.00,285
2012-06-19,1.05,98.95,87.98,50.36,3.76,0.00,241
2012-06-12,1.05,98.95,85.56,43.27,2.26,0.00,230
2012-06-05,1.05,98.95,85.57,41.24,0.00,0.00,226
2012-05-29,1.05,98.95,85.57,41.24,0.00,0.00,226
2012-05-22,1.05,98.95,85.86,41.21,0.00,0.00,226
2012-05-15,1.05,98.95,85.80,26.44,0.00,0.00,211
2012-05-08,1.05,98.95,85.80,26.33,0.00,0.00,211
2012-05-01,1.05,98.95,84.22,23.64,0.00,0.00,207
2012-04-24,1.05,98.95,62.76,28.76,0.00,0.00,190
2012-04-17,0.99,99.01,56.15,15.09,0.00,0.00,170
2012-04-10,0.99,99.01,55.89,0.00,0.00,0.00,155
2012-04-03,11.87,88.13,55.89,0.00,0.00,0.00,144
2012-03-27,13.25,86.75,41.19,0.00,0.00,0.00,128
2012-03-20,13.24,86.76,41.19,0.00,0.00,0.00,128
2012-03-13,12.73,87.27,41.23,7.03,0.00,0.00,136
2012-03-06,12.73,87.27,40.89,7.03,0.00,0.00,135
2012-02-28,12.80,87.20,40.89,4.46,0.00,0.00,133
2012-02-21,12.80,87.20,37.08,0.00,0.00,0.00,124
2012-02-14,12.75,87.25,35.39,0.00,0.00,0.00,123
2012-02-07,12.75,87.25,35.17,0.00,0.00,0.00,122
2012-01-31,12.75,87.25,35.17,0.00,0.00,0.00,122
2012-01-24,12.32,87.68,34.13,0.00,0.00,0.00,122
2012-01-17,32.97,67.03,0.32,0.00,0.00,0.00,67
2012-01-10,34.11,65.89,0.32,0.00,0.00,0.00,66
2012-01-03,88.71,11.29,0.32,0.00,0.00,0.00,12
2011-12-27,92.53,7.47,0.32,0.00,0.00,0.00,8
2011-12-20,93.37,6.63,0.32,0.00,0.00,0.00,7
2011-12-13,93.37,6.63,0.32,0.00,0.00,0.00,7
2011-12-06,93.37,6.63,0.32,0.00,0.00,0.00,7
2011-11-29,93.37,6.63,0.32,0.00,0.00,0.00,7
2011-11-22,93.37,6.63,0.32,0.00,0.00,0.00,7
2011-11-15,93.37,6.63,0.32,0.00,0.00,0.00,7
2011-11-08,93.41,6.59,0.36,0.00,0.00,0.00,7
2011-11-01,93.41,6.59,0.36,0.00,0.00,0.00,7
2011-10-25,93.18,6.82,0.32,0.00,0.00,0.00,7
2011-10-18,93.18,6.82,0.32,0.00,0.00,0.00,7
2011-10-11,93.18,6.82,0.32,0.00,0.00,0.00,7
2011-10-04,92.97,7.03,0.32,0.00,0.00,0.00,7
2011-09-27,92.95,7.05,0.32,0.00,0.00,0.00,7
2011-09-20,92.95,7.05,0.32,0.00,0.00,0.00,7
2011-09-13,91.33,8.67,1.70,0.00,0.00,0.00,10
2011-09-06,91.28,8.72,1.70,0.00,0.00,0.00,10
2011-08-30,93.53,6.47,1.71,0.00,0.00,0.00,8
2011-08-23,93.53,6.47,1.71,0.00,0.00,0.00,8
2011-08-16,93.53,6.47,1.71,0.00,0.00,0.00,8
2011-08-09,93.53,6.47,1.71,0.00,0.00,0.00,8
2011-08-02,93.53,6.47,1.71,0.00,0.00,0.00,8
2011-07-26,93.53,6.47,1.71,0.00,0.00,0.00,8
2011-07-19,93.53,6.47,1.71,0.00,0.00,0.00,8
2011-07-12,93.53,6.47,1.71,0.00,0.00,0.00,8
2011-07-05,93.22,6.78,1.71,0.00,0.00,0.00,8
2011-06-28,92.64,7.36,1.71,0.00,0.00,0.00,9
2011-06-21,96.71,3.29,1.32,0.00,0.00,0.00,5
2011-06-14,96.71,3.29,1.32,0.00,0.00,0.00,5
2011-06-07,96.71,3.29,1.32,0.00,0.00,0.00,5
2011-05-31,96.71,3.29,1.32,0.00,0.00,0.00,5
2011-05-24,96.72,3.28,1.35,0.00,0.00,0.00,5
2011-05-17,96.54,3.46,1.58,0.00,0.00,0.00,5
2011-05-10,96.54,3.46,0.00,0.00,0.00,0.00,3
2011-05-03,96.96,3.04,0.00,0.00,0.00,0.00,3
2011-04-26,96.96,3.04,0.00,0.00,0.00,0.00,3
2011-04-19,96.96,3.04,0.00,0.00,0.00,0.00,3
2011-04-12,96.96,3.04,0.00,0.00,0.00,0.00,3
2011-04-05,96.96,3.04,0.00,0.00,0.00,0.00,3
2011-03-29,96.80,3.20,0.00,0.00,0.00,0.00,3
2011-03-22,96.92,3.08,0.00,0.00,0.00,0.00,3
2011-03-15,96.92,3.08,0.00,0.00,0.00,0.00,3
2011-03-08,99.30,0.70,0.00,0.00,0.00,0.00,1
2011-03-01,99.30,0.70,0.00,0.00,0.00,0.00,1
2011-02-22,99.30,0.70,0.00,0.00,0.00,0.00,1
2011-02-15,99.30,0.70,0.00,0.00,0.00,0.00,1
2011-02-08,95.32,4.68,0.00,0.00,0.00,0.00,5
2011-02-01,100.00,0.00,0.00,0.00,0.00,0.00,0
2011-01-25,100.00,0.00,0.00,0.00,0.00,0.00,0
2011-01-18,100.00,0.00,0.00,0.00,0.00,0.00,0
2011-01-11,100.00,0.00,0.00,0.00,0.00,0.00,0
2011-01-04,99.54,0.46,0.00,0.00,0.00,0.00,0
2010-12-28,97.39,2.61,0.00,0.00,0.00,0.00,3
2010-12-21,96.00,4.00,0.00,0.00,0.00,0.00,4
2010-12-14,94.95,5.05,0.00,0.00,0.00,0.00,5
2010-12-07,86.98,13.02,0.00,0.00,0.00,0.00,13
2010-11-30,85.75,14.25,0.00,0.00,0.00,0.00,14
2010-11-23,82.64,17.36,0.00,0.00,0.00,0.00,17
2010-11-16,81.92,18.08,0.00,0.00,0.00,0.00,18
2010-11-09,81.12,18.88,0.00,0.00,0.00,0.00,19
2010-11-02,81.12,18.88,0.00,0.00,0.00,0.00,19
2010-10-26,81.12,18.88,0.00,0.00,0.00,0.00,19
2010-10-19,60.44,39.56,3.63,0.00,0.00,0.00,43
2010-10-12,60.44,39.56,3.63,0.00,0.00,0.00,43
2010-10-05,60.44,39.56,3.63,0.00,0.00,0.00,43
2010-09-28,60.44,39.56,3.63,0.00,0.00,0.00,43
2010-09-21,76.72,23.28,0.47,0.00,0.00,0.00,24
2010-09-14,76.72,23.28,0.47,0.00,0.00,0.00,24
2010-09-07,76.72,23.28,0.47,0.00,0.00,0.00,24
2010-08-31,76.72,23.28,0.47,0.00,0.00,0.00,24
2010-08-24,76.72,23.28,0.47,0.00,0.00,0.00,24
2010-08-17,76.72,23.28,0.47,0.00,0.00,0.00,24
2010-08-10,76.70,23.30,0.47,0.00,0.00,0.00,24
2010-08-03,76.70,23.30,1.19,0.00,0.00,0.00,24
2010-07-27,74.83,25.17,1.54,0.00,0.00,0.00,27
2010-07-20,81.43,18.57,0.06,0.00,0.00,0.00,19
2010-07-13,86.93,13.07,0.00,0.00,0.00,0.00,13
2010-07-06,86.93,13.07,0.00,0.00,0.00,0.00,13
2010-06-29,68.88,31.12,1.03,0.00,0.00,0.00,32
2010-06-22,68.88,31.12,1.03,0.00,0.00,0.00,32
2010-06-15,68.88,31.12,1.03,0.00,0.00,0.00,32
2010-06-08,68.88,31.12,3.43,0.00,0.00,0.00,35
2010-06-01,44.81,55.19,1.50,0.00,0.00,0.00,57
2010-05-25,44.81,55.19,1.50,0.00,0.00,0.00,57
2010-05-18,43.90,56.10,3.99,0.03,0.00,0.00,60
2010-05-11,42.10,57.90,3.99,0.03,0.00,0.00,62
2010-05-04,42.11,57.89,3.99,0.03,0.00,0.00,62
2010-04-27,42.11,57.89,3.99,0.03,0.00,0.00,62
2010-04-20,42.11,57.89,3.99,0.03,0.00,0.00,62
2010-04-13,42.03,57.97,3.99,0.03,0.00,0.00,62
2010-04-06,39.28,60.72,3.99,0.03,0.00,0.00,65
2010-03-30,39.28,60.72,3.99,0.03,0.00,0.00,65
2010-03-23,39.14,60.86,4.22,0.03,0.00,0.00,65
2010-03-16,21.17,78.83,5.21,0.03,0.00,0.00,84
2010-03-09,6.52,93.48,11.64,0.19,0.00,0.00,105
2010-03-02,6.42,93.58,11.64,0.26,0.00,0.00,105
2010-02-23,6.42,93.58,11.64,0.26,0.00,0.00,105
2010-02-16,5.45,94.55,12.30,0.26,0.00,0.00,107
2010-02-09,5.47,94.53,12.30,0.26,0.00,0.00,107
2010-02-02,5.47,94.53,12.65,0.26,0.00,0.00,107
2010-01-26,5.48,94.52,12.65,0.69,0.00,0.00,108
2010-01-19,5.48,94.52,27.90,5.22,0.00,0.00,128
2010-01-12,5.48,94.52,21.53,5.22,0.00,0.00,121
2010-01-05,29.18,70.82,18.83,3.16,0.00,0.00,93
2009-12-29,34.65,65.35,18.83,3.18,0.00,0.00,87
2009-12-22,34.74,65.26,18.83,3.18,0.00,0.00,87
2009-12-15,34.74,65.26,18.83,3.18,0.00,0.00,87
2009-12-08,34.74,65.26,18.83,3.18,0.00,0.00,87
2009-12-01,34.72,65.28,18.83,3.18,0.00,0.00,87
2009-11-24,34.72,65.28,18.65,3.18,0.00,0.00,87
2009-11-17,50.03,49.97,10.34,1.29,0.00,0.00,62
2009-11-10,50.03,49.97,10.31,1.29,0.00,0.00,62
2009-11-03,69.34,30.66,5.51,1.29,0.00,0.00,37
2009-10-27,69.34,30.66,5.51,1.29,0.00,0.00,37
2009-10-20,69.34,30.66,5.51,1.35,0.00,0.00,38
2009-10-13,69.34,30.66,5.51,1.35,0.00,0.00,38
2009-10-06,69.34,30.66,3.58,0.00,0.00,0.00,34
2009-09-29,69.34,30.66,3.56,0.00,0.00,0.00,34
2009-09-22,69.34,30.66,0.01,0.00,0.00,0.00,31
2009-09-15,69.74,30.26,0.00,0.00,0.00,0.00,30
2009-09-08,54.45,45.55,2.33,0.00,0.00,0.00,48
2009-09-01,55.20,44.80,0.00,0.00,0.00,0.00,45
2009-08-25,83.85,16.15,0.00,0.00,0.00,0.00,16
2009-08-18,97.24,2.76,0.00,0.00,0.00,0.00,3
2009-08-11,97.24,2.76,0.00,0.00,0.00,0.00,3
2009-08-04,97.22,2.78,0.00,0.00,0.00,0.00,3
2009-07-28,97.99,2.01,0.00,0.00,0.00,0.00,2
2009-07-21,97.99,2.01,0.00,0.00,0.00,0.00,2
2009-07-14,97.99,2.01,0.00,0.00,0.00,0.00,2
2009-07-07,97.99,2.01,0.00,0.00,0.00,0.00,2
2009-06-30,97.99,2.01,0.00,0.00,0.00,0.00,2
2009-06-23,97.99,2.01,0.00,0.00,0.00,0.00,2
2009-06-16,96.66,3.34,0.00,0.00,0.00,0.00,3
2009-06-09,96.30,3.70,0.39,0.00,0.00,0.00,4
2009-06-02,95.61,4.39,0.57,0.00,0.00,0.00,5
2009-05-26,95.56,4.44,0.57,0.00,0.00,0.00,5
2009-05-19,68.54,31.46,0.57,0.00,0.00,0.00,32
2009-05-12,71.73,28.27,0.57,0.00,0.00,0.00,29
2009-05-05,66.50,33.50,0.14,0.00,0.00,0.00,34
2009-04-28,52.43,47.57,1.11,0.00,0.00,0.00,49
2009-04-21,42.97,57.03,10.59,0.00,0.00,0.00,68
2009-04-14,40.18,59.82,13.32,0.00,0.00,0.00,73
2009-04-07,42.78,57.22,13.32,0.00,0.00,0.00,71
2009-03-31,41.83,58.17,12.01,0.00,0.00,0.00,70
2009-03-24,41.83,58.17,12.01,0.00,0.00,0.00,70
2009-03-17,55.66,44.34,12.01,0.00,0.00,0.00,56
2009-03-10,55.66,44.34,12.01,0.00,0.00,0.00,56
2009-03-03,55.66,44.34,15.39,0.00,0.00,0.00,60
2009-02-24,55.66,44.34,15.39,0.00,0.00,0.00,60
2009-02-17,55.66,44.34,15.39,2.05,0.00,0.00,62
2009-02-10,53.11,46.89,20.80,2.05,0.00,0.00,70
2009-02-03,53.11,46.89,20.86,2.05,0.00,0.00,70
2009-01-27,53.18,46.82,20.86,2.05,0.00,0.00,70
2009-01-20,53.38,46.62,20.86,2.05,0.00,0.00,70
2009-01-13,53.38,46.62,20.86,2.05,0.00,0.00,70
2009-01-06,53.38,46.62,20.86,2.05,0.00,0.00,70
2008-12-30,53.28,46.72,20.86,2.05,0.00,0.00,70
2008-12-23,41.74,58.26,20.86,2.05,0.00,0.00,81
2008-12-16,41.74,58.26,20.86,2.05,0.00,0.00,81
2008-12-09,41.74,58.26,20.86,2.05,0.00,0.00,81
2008-12-02,41.74,58.26,20.86,2.05,0.00,0.00,81
2008-11-25,41.74,58.26,20.86,2.05,0.00,0.00,81
2008-11-18,41.74,58.26,20.86,2.05,0.00,0.00,81
2008-11-11,53.17,46.83,20.86,2.05,0.00,0.00,70
2008-11-04,53.84,46.16,20.86,2.05,0.00,0.00,69
2008-10-28,53.84,46.16,20.86,2.05,0.00,0.00,69
2008-10-21,53.92,46.08,20.80,2.08,0.00,0.00,69
2008-10-14,60.10,39.90,12.11,0.00,0.00,0.00,52
2008-10-07,60.06,39.94,11.91,0.00,0.00,0.00,52
2008-09-30,60.06,39.94,12.50,0.00,0.00,0.00,52
2008-09-23,60.06,39.94,12.50,0.00,0.00,0.00,52
2008-09-16,60.06,39.94,12.26,0.00,0.00,0.00,52
2008-09-09,63.02,36.98,12.26,0.00,0.00,0.00,49
2008-09-02,63.02,36.98,12.26,0.00,0.00,0.00,49
2008-08-26,70.41,29.59,1.30,0.00,0.00,0.00,31
2008-08-19,70.41,29.59,1.30,0.00,0.00,0.00,31
2008-08-12,70.33,29.67,1.30,0.00,0.00,0.00,31
2008-08-05,70.66,29.34,1.30,0.00,0.00,0.00,31
2008-07-29,73.86,26.14,1.30,0.00,0.00,0.00,27
2008-07-22,73.86,26.14,0.31,0.00,0.00,0.00,26
2008-07-15,73.86,26.14,0.31,0.00,0.00,0.00,26
2008-07-08,72.53,27.47,4.90,0.00,0.00,0.00,32
2008-07-01,72.53,27.47,4.90,0.00,0.00,0.00,32
2008-06-24,72.53,27.47,10.35,0.00,0.00,0.00,38
2008-06-17,72.53,27.47,10.28,0.00,0.00,0.00,38
2008-06-10,72.53,27.47,4.87,0.00,0.00,0.00,32
2008-06-03,72.44,27.56,4.87,0.00,0.00,0.00,32
2008-05-27,72.44,27.56,4.87,0.00,0.00,0.00,32
2008-05-20,61.60,38.40,6.86,0.00,0.00,0.00,45
2008-05-13,61.58,38.42,6.86,0.00,0.00,0.00,45
2008-05-06,61.58,38.42,6.86,0.00,0.00,0.00,45
2008-04-29,65.41,34.59,8.45,0.00,0.00,0.00,43
2008-04-22,66.41,33.59,8.45,0.00,0.00,0.00,42
2008-04-15,66.41,33.59,8.45,3.54,0.00,0.00,46
2008-04-08,66.03,33.97,8.45,3.54,0.00,0.00,46
2008-04-01,50.34,49.66,27.34,15.06,0.00,0.00,92
2008-03-25,44.52,55.48,24.16,16.06,0.00,0.00,96
2008-03-18,44.52,55.48,24.16,16.06,0.00,0.00,96
2008-03-11,44.52,55.48,24.16,16.06,0.00,0.00,96
2008-03-04,44.52,55.48,24.16,16.06,0.00,0.00,96
2008-02-26,4.44,95.56,47.69,20.44,0.00,0.00,164
2008-02-19,4.44,95.56,47.69,20.44,0.00,0.00,164
2008-02-12,4.44,95.56,47.69,20.44,0.00,0.00,164
2008-02-05,4.44,95.56,82.45,28.10,0.00,0.00,206
2008-01-29,4.20,95.80,82.45,28.72,0.00,0.00,207
2008-01-22,4.20,95.80,84.77,36.34,0.00,0.00,217
2008-01-15,4.20,95.80,84.88,36.34,0.00,0.00,217
2008-01-08,4.20,95.80,84.88,36.34,0.00,0.00,217
2008-01-01,4.15,95.85,89.05,56.35,0.00,0.00,241
2007-12-25,4.15,95.85,89.05,56.35,0.00,0.00,241
2007-12-18,4.15,95.85,89.05,56.35,0.00,0.00,241
2007-12-11,4.15,95.85,88.79,56.35,0.00,0.00,241
2007-12-04,4.15,95.85,88.79,56.35,0.00,0.00,241
2007-11-27,2.34,97.66,91.55,60.28,0.00,0.00,249
2007-11-20,2.34,97.66,91.55,60.28,0.00,0.00,249
2007-11-13,2.34,97.66,91.55,60.28,0.00,0.00,249
2007-11-06,2.46,97.54,91.55,59.39,0.00,0.00,248
2007-10-30,2.46,97.54,91.55,59.39,0.00,0.00,248
2007-10-23,2.46,97.54,91.55,59.39,0.00,0.00,248
2007-10-16,2.46,97.54,91.55,59.39,0.00,0.00,248
2007-10-09,2.46,97.54,91.55,59.39,0.00,0.00,248
2007-10-02,2.46,97.54,91.55,59.39,0.00,0.00,248
2007-09-25,0.00,100.00,97.09,60.08,0.00,0.00,257
2007-09-18,0.00,100.00,100.00,95.12,0.00,0.00,295
2007-09-11,0.00,100.00,100.00,95.12,0.00,0.00,295
2007-09-04,0.00,100.00,100.00,95.12,0.00,0.00,295
2007-08-28,0.00,100.00,100.00,95.12,0.00,0.00,295
2007-08-21,0.00,100.00,100.00,95.12,0.00,0.00,295
2007-08-14,0.00,100.00,100.00,95.12,0.00,0.00,295
2007-08-07,0.00,100.00,100.00,95.12,0.00,0.00,295
2007-07-31,0.00,100.00,100.00,98.45,0.00,0.00,298
2007-07-24,0.00,100.00,100.00,85.97,0.00,0.00,286
2007-07-17,0.00,100.00,100.00,18.28,0.00,0.00,218
2007-07-10,0.00,100.00,100.00,18.28,0.00,0.00,218
2007-07-03,0.00,100.00,100.00,11.87,0.00,0.00,212
2007-06-26,0.00,100.00,100.00,11.87,0.00,0.00,212
2007-06-19,0.00,100.00,100.00,11.87,0.00,0.00,212
2007-06-12,0.00,100.00,100.00,11.87,0.00,0.00,212
2007-06-05,0.00,100.00,100.00,11.87,0.00,0.00,212
2007-05-29,0.00,100.00,100.00,11.87,0.00,0.00,212
2007-05-22,0.00,100.00,99.99,11.87,0.00,0.00,212
2007-05-15,0.00,100.00,99.99,11.87,0.00,0.00,212
2007-05-08,0.00,100.00,99.99,11.16,0.00,0.00,211
2007-05-01,0.00,100.00,99.99,11.16,0.00,0.00,211
2007-04-24,0.00,100.00,100.00,10.19,0.00,0.00,210
2007-04-17,0.00,100.00,100.00,10.20,0.00,0.00,210
2007-04-10,0.00,100.00,100.00,1.37,0.00,0.00,201
2007-04-03,0.00,100.00,100.00,1.37,0.00,0.00,201
2007-03-27,0.00,100.00,100.00,1.41,0.00,0.00,201
2007-03-20,0.00,100.00,9.79,0.80,0.00,0.00,111
2007-03-13,0.00,100.00,7.62,0.04,0.00,0.00,108
2007-03-06,0.00,100.00,4.53,0.04,0.00,0.00,105
2007-02-27,0.00,100.00,1.95,0.04,0.00,0.00,102
2007-02-20,0.00,100.00,1.79,0.03,0.00,0.00,102
2007-02-13,0.00,100.00,1.79,0.03,0.00,0.00,102
2007-02-06,38.72,61.28,1.79,0.03,0.00,0.00,63
2007-01-30,83.75,16.25,1.79,0.03,0.00,0.00,18
2007-01-23,83.78,16.22,1.79,0.03,0.00,0.00,18
2007-01-16,92.75,7.25,1.79,0.03,0.00,0.00,9
2007-01-09,92.75,7.25,1.79,0.03,0.00,0.00,9
2007-01-02,93.35,6.65,0.67,0.00,0.00,0.00,7
2006-12-26,93.17,6.83,0.67,0.00,0.00,0.00,8
2006-12-19,93.17,6.83,0.67,0.00,0.00,0.00,8
2006-12-12,93.29,6.71,0.98,0.00,0.00,0.00,8
2006-12-05,92.23,7.77,0.98,0.00,0.00,0.00,9
2006-11-28,90.23,9.77,0.48,0.00,0.00,0.00,10
2006-11-21,91.27,8.73,0.00,0.00,0.00,0.00,9
2006-11-14,91.13,8.87,0.00,0.00,0.00,0.00,9
2006-11-07,91.13,8.87,0.00,0.00,0.00,0.00,9
2006-10-31,91.13,8.87,0.00,0.00,0.00,0.00,9
2006-10-24,90.76,9.24,0.00,0.00,0.00,0.00,9
2006-10-17,90.76,9.24,0.00,0.00,0.00,0.00,9
2006-10-10,90.76,9.24,0.00,0.00,0.00,0.00,9
2006-10-03,77.00,23.00,4.83,0.00,0.00,0.00,28
2006-09-26,76.59,23.41,4.83,0.00,0.00,0.00,28
2006-09-19,76.54,23.46,5.03,0.00,0.00,0.00,28
2006-09-12,76.54,23.46,6.81,0.00,0.00,0.00,30
2006-09-05,79.26,20.74,7.91,0.00,0.00,0.00,29
2006-08-29,79.26,20.74,7.91,0.00,0.00,0.00,29
2006-08-22,78.41,21.59,7.91,0.00,0.00,0.00,30
2006-08-15,76.42,23.58,9.21,0.00,0.00,0.00,33
2006-08-08,78.03,21.97,8.67,0.00,0.00,0.00,31
2006-08-01,77.97,22.03,8.67,0.00,0.00,0.00,31
2006-07-25,76.23,23.77,8.68,0.12,0.00,0.00,33
2006-07-18,76.23,23.77,8.68,0.12,0.00,0.00,33
2006-07-11,74.58,25.42,8.61,0.12,0.00,0.00,34
2006-07-04,75.77,24.23,8.09,0.51,0.00,0.00,33
2006-06-27,75.67,24.33,7.88,0.51,0.00,0.00,33
2006-06-20,77.97,22.03,5.66,0.51,0.00,0.00,28
2006-06-13,77.97,22.03,5.66,0.51,0.00,0.00,28
2006-06-06,76.55,23.45,5.86,0.54,0.00,0.00,30
2006-05-30,76.55,23.45,5.50,0.00,0.00,0.00,29
2006-05-23,76.30,23.70,5.39,0.00,0.00,0.00,29
2006-05-16,76.30,23.70,2.76,0.00,0.00,0.00,26
2006-05-09,76.30,23.70,2.76,0.00,0.00,0.00,26
2006-05-02,76.30,23.70,2.84,0.00,0.00,0.00,27
2006-04-25,80.03,19.97,3.10,0.00,0.00,0.00,23
2006-04-18,80.03,19.97,2.79,0.00,0.00,0.00,23
2006-04-11,80.03,19.97,2.79,0.00,0.00,0.00,23
2006-04-04,80.03,19.97,2.79,0.00,0.00,0.00,23
2006-03-28,76.87,23.13,1.60,0.00,0.00,0.00,25
2006-03-21,71.41,28.59,0.36,0.00,0.00,0.00,29
2006-03-14,71.41,28.59,0.36,0.00,0.00,0.00,29
2006-03-07,67.90,32.10,0.60,0.00,0.00,0.00,33
2006-02-28,67.20,32.80,0.72,0.00,0.00,0.00,34
2006-02-21,75.06,24.94,0.77,0.00,0.00,0.00,26
2006-02-14,77.70,22.30,0.41,0.00,0.00,0.00,23
2006-02-07,80.30,19.70,0.41,0.00,0.00,0.00,20
2006-01-31,80.66,19.34,0.39,0.00,0.00,0.00,20
2006-01-24,80.67,19.33,0.02,0.00,0.00,0.00,19
2006-01-17,83.99,16.01,0.02,0.00,0.00,0.00,16
2006-01-10,83.43,16.57,0.15,0.00,0.00,0.00,17
2006-01-03,83.43,16.57,0.78,0.00,0.00,0.00,17
2005-12-27,82.79,17.21,1.74,0.00,0.00,0.00,19
2005-12-20,82.79,17.21,1.74,0.00,0.00,0.00,19
2005-12-13,82.79,17.21,1.74,0.00,0.00,0.00,19
2005-12-06,82.79,17.21,1.74,0.00,0.00,0.00,19
2005-11-29,82.79,17.21,1.74,0.00,0.00,0.00,19
2005-11-22,82.79,17.21,1.74,0.00,0.00,0.00,19
2005-11-15,82.79,17.21,1.74,0.00,0.00,0.00,19
2005-11-08,82.79,17.21,1.74,0.00,0.00,0.00,19
2005-11-01,82.79,17.21,1.74,0.00,0.00,0.00,19
2005-10-25,82.79,17.21,1.74,0.00,0.00,0.00,19
2005-10-18,82.79,17.21,1.74,0.00,0.00,0.00,19
2005-10-11,82.79,17.21,1.74,0.00,0.00,0.00,19
2005-10-04,82.79,17.21,1.75,0.00,0.00,0.00,19
2005-09-27,79.79,20.21,2.43,0.00,0.00,0.00,23
2005-09-20,79.86,20.14,2.47,0.00,0.00,0.00,23
2005-09-13,79.08,20.92,2.79,0.00,0.00,0.00,24
2005-09-06,79.08,20.92,2.79,0.00,0.00,0.00,24
2005-08-30,78.95,21.05,2.79,0.00,0.00,0.00,24
2005-08-23,79.07,20.93,2.79,0.00,0.00,0.00,24
2005-08-16,79.07,20.93,3.06,0.00,0.00,0.00,24
2005-08-09,73.79,26.21,3.06,0.00,0.00,0.00,29
2005-08-02,73.45,26.55,3.06,0.00,0.00,0.00,30
2005-07-26,74.02,25.98,3.06,0.00,0.00,0.00,29
2005-07-19,78.54,21.46,3.06,0.00,0.00,0.00,25
2005-07-12,78.54,21.46,3.06,0.00,0.00,0.00,25
2005-07-05,78.54,21.46,3.06,0.00,0.00,0.00,25
2005-06-28,78.54,21.46,3.06,0.00,0.00,0.00,25
2005-06-21,77.68,22.32,3.06,0.00,0.00,0.00,25
2005-06-14,77.11,22.89,3.06,0.00,0.00,0.00,26
2005-06-07,77.11,22.89,3.21,0.00,0.00,0.00,26
2005-05-31,77.11,22.89,3.21,0.00,0.00,0.00,26
2005-05-24,77.11,22.89,3.21,0.00,0.00,0.00,26
2005-05-17,76.18,23.82,3.59,0.00,0.00,0.00,27
2005-05-10,72.71,27.29,5.21,0.00,0.00,0.00,33
2005-05-03,72.43,27.57,7.74,0.02,0.00,0.00,35
2005-04-26,68.41,31.59,9.26,0.45,0.01,0.00,41
2005-04-19,65.30,34.70,11.39,1.46,0.25,0.01,48
2005-04-12,59.96,40.04,19.71,1.46,0.25,0.01,61
2005-04-05,31.41,68.59,30.21,4.43,0.04,0.00,103
2005-03-29,26.19,73.81,38.59,8.08,0.91,0.00,121
2005-03-22,12.90,87.10,56.69,13.99,2.70,0.27,161
2005-03-15,12.90,87.10,56.69,13.99,2.70,0.27,161
2005-03-08,12.90,87.10,56.69,13.99,2.70,0.04,161
2005-03-01,12.90,87.10,56.69,13.99,2.70,0.04,161
2005-02-22,12.90,87.10,56.69,13.99,2.70,0.04,160
2005-02-15,12.90,87.10,56.69,13.99,2.70,0.04,160
2005-02-08,11.64,88.36,63.36,14.02,2.70,0.04,168
2005-02-01,5.88,94.12,73.50,25.58,1.93,0.02,195
2005-01-25,4.22,95.78,74.40,25.58,1.93,0.02,198
2005-01-18,4.32,95.68,74.40,25.58,1.93,0.02,198
2005-01-11,0.00,100.00,74.40,28.23,2.92,0.54,206
2005-01-04,0.00,100.00,75.68,39.40,13.92,0.74,230
2004-12-28,0.00,100.00,76.51,39.51,16.06,0.74,233
2004-12-21,0.00,100.00,76.51,47.02,16.06,0.74,240
2004-12-14,0.00,100.00,76.83,47.95,16.19,0.74,242
2004-12-07,0.00,100.00,78.18,47.98,16.19,0.74,243
2004-11-30,0.00,100.00,78.29,47.98,16.19,0.74,243
2004-11-23,0.00,100.00,94.87,57.98,32.18,0.74,286
2004-11-16,0.00,100.00,100.00,58.89,33.58,0.74,293
2004-11-09,0.00,100.00,100.00,64.70,33.58,0.74,299
2004-11-02,0.00,100.00,100.00,67.83,38.51,0.74,307
2004-10-26,0.00,100.00,100.00,67.83,38.20,0.74,307
2004-10-19,0.00,100.00,100.00,98.80,55.28,1.50,356
2004-10-12,0.00,100.00,100.00,98.80,55.28,1.50,356
2004-10-05,0.00,100.00,100.00,98.80,55.28,1.50,356
2004-09-28,0.00,100.00,100.00,98.80,55.28,1.50,356
2004-09-21,0.00,100.00,100.00,98.80,55.28,1.50,356
2004-09-14,0.00,100.00,100.00,98.80,55.28,1.50,356
2004-09-07,0.00,100.00,100.00,98.80,55.28,1.64,356
2004-08-31,0.00,100.00,100.00,98.80,55.64,1.64,356
2004-08-24,0.00,100.00,100.00,98.80,55.64,1.64,356
2004-08-17,0.00,100.00,100.00,98.80,55.79,1.94,357
2004-08-10,0.00,100.00,100.00,98.80,47.19,1.94,348
2004-08-03,0.00,100.00,100.00,98.80,47.57,1.94,348
2004-07-27,0.00,100.00,100.00,98.80,47.57,1.94,348
2004-07-20,0.00,100.00,100.00,98.80,47.57,1.94,348
2004-07-13,0.00,100.00,100.00,98.80,47.57,1.94,348
2004-07-06,0.00,100.00,100.00,98.80,46.70,1.94,347
2004-06-29,0.00,100.00,100.00,98.80,46.70,1.94,347
2004-06-22,0.00,100.00,100.00,98.80,46.70,1.94,347
2004-06-15,0.00,100.00,100.00,98.74,46.70,1.94,347
2004-06-08,0.00,100.00,100.00,98.74,46.69,1.94,347
2004-06-01,0.00,100.00,100.00,98.95,46.63,1.94,347
2004-05-25,0.00,100.00,100.00,98.94,46.63,1.94,348
2004-05-18,0.00,100.00,100.00,92.90,46.63,2.36,342
2004-05-11,0.00,100.00,100.00,92.90,46.63,2.10,342
2004-05-04,0.00,100.00,100.00,92.90,46.63,1.99,342
2004-04-27,0.00,100.00,100.00,89.61,51.95,1.99,344
2004-04-20,0.00,100.00,100.00,89.61,51.95,1.99,344
2004-04-13,0.00,100.00,100.00,89.61,51.95,1.99,344
2004-04-06,0.00,100.00,100.00,91.05,51.96,2.32,345
2004-03-30,0.00,100.00,100.00,84.75,51.31,2.32,338
2004-03-23,0.00,100.00,100.00,84.75,51.31,2.32,338
2004-03-16,0.00,100.00,100.00,84.75,49.64,2.32,337
2004-03-09,0.00,100.00,100.00,84.75,49.64,2.32,337
2004-03-02,0.00,100.00,100.00,84.75,49.64,2.32,337
2004-02-24,0.00,100.00,100.00,100.00,64.09,13.03,377
2004-02-17,0.00,100.00,100.00,100.00,64.09,13.03,377
2004-02-10,0.00,100.00,100.00,100.00,64.16,13.03,377
2004-02-03,0.00,100.00,100.00,100.00,64.49,13.03,378
2004-01-27,0.00,100.00,100.00,100.00,64.49,12.85,377
2004-01-20,0.00,100.00,100.00,100.00,64.49,12.85,377
2004-01-13,0.00,100.00,100.00,100.00,64.42,12.75,377
2004-01-06,0.00,100.00,100.00,100.00,64.45,12.85,377
2003-12-30,0.00,100.00,100.00,100.00,68.72,15.99,385
2003-12-23,0.00,100.00,100.00,100.00,100.00,18.77,419
2003-12-16,0.00,100.00,100.00,100.00,100.00,19.29,419
2003-12-09,0.00,100.00,100.00,100.00,100.00,18.65,419
2003-12-02,0.00,100.00,100.00,100.00,99.99,18.84,419
2003-11-25,0.00,100.00,100.00,100.00,100.00,18.03,418
2003-11-18,0.00,100.00,100.00,100.00,99.99,17.42,417
2003-11-11,0.00,100.00,100.00,100.00,99.99,17.80,418
2003-11-04,0.00,100.00,100.00,100.00,99.99,15.43,415
2003-10-28,0.00,100.00,100.00,100.00,99.92,14.22,414
2003-10-21,0.00,100.00,100.00,100.00,99.97,14.46,414
2003-10-14,0.00,100.00,100.00,100.00,100.00,14.46,414
2003-10-07,0.00,100.00,100.00,100.00,98.25,15.46,414
2003-09-30,0.00,100.00,100.00,100.00,98.59,15.24,414
2003-09-23,0.00,100.00,100.00,100.00,98.24,14.46,413
2003-09-16,0.00,100.00,100.00,100.00,98.45,14.58,413
2003-09-09,0.00,100.00,100.00,100.00,100.00,15.39,415
2003-09-02,0.00,100.00,100.00,100.00,100.00,16.16,416
2003-08-26,0.00,100.00,100.00,100.00,100.00,19.07,419
2003-08-19,0.00,100.00,100.00,100.00,100.00,18.66,419
2003-08-12,0.00,100.00,100.00,100.00,100.00,18.56,419
2003-08-05,0.00,100.00,100.00,100.00,100.00,18.53,419
2003-07-29,0.00,100.00,100.00,100.00,100.00,24.47,424
2003-07-22,0.00,100.00,100.00,100.00,100.00,12.23,412
2003-07-15,0.00,100.00,100.00,100.00,100.00,9.78,410
2003-07-08,0.00,100.00,100.00,100.00,99.52,10.61,410
2003-07-01,0.00,100.00,100.00,100.00,99.64,10.29,410
2003-06-24,0.00,100.00,100.00,100.00,99.74,10.37,410
2003-06-17,0.00,100.00,100.00,100.00,100.00,10.18,410
2003-06-10,0.00,100.00,100.00,100.00,100.00,9.74,410
2003-06-03,0.00,100.00,100.00,100.00,100.00,5.41,405
2003-05-27,0.00,100.00,100.00,100.00,100.00,5.07,405
2003-05-20,0.00,100.00,100.00,100.00,100.00,5.25,405
2003-05-13,0.00,100.00,100.00,100.00,100.00,5.29,405
2003-05-06,0.00,100.00,100.00,100.00,100.00,0.04,400
2003-04-29,0.00,100.00,100.00,100.00,100.00,0.00,400
2003-04-22,0.00,100.00,100.00,100.00,100.00,0.00,400
2003-04-15,0.00,100.00,100.00,100.00,100.00,0.00,400
2003-04-08,0.00,100.00,100.00,100.00,100.00,0.02,400
2003-04-01,0.00,100.00,100.00,100.00,100.00,0.03,400
2003-03-25,0.00,100.00,100.00,100.00,99.97,0.43,400
2003-03-18,0.00,100.00,100.00,100.00,100.00,0.21,400
2003-03-11,0.00,100.00,100.00,100.00,99.94,0.50,400
2003-03-04,0.00,100.00,100.00,100.00,100.00,0.17,400
2003-02-25,0.00,100.00,100.00,100.00,100.00,0.98,401
2003-02-18,0.00,100.00,100.00,100.00,100.00,0.80,401
2003-02-11,0.00,100.00,100.00,100.00,100.00,1.14,401
2003-02-04,0.00,100.00,100.00,100.00,92.24,1.09,393
2003-01-28,0.00,100.00,100.00,100.00,93.05,1.22,394
2003-01-21,0.00,100.00,100.00,100.00,89.82,0.94,391
2003-01-14,0.00,100.00,100.00,100.00,66.27,1.33,368
2003-01-07,0.00,100.00,100.00,100.00,48.56,1.21,350
2002-12-31,0.00,100.00,100.00,100.00,19.37,0.67,320
2002-12-24,0.00,100.00,100.00,100.00,20.95,0.93,322
2002-12-17,0.00,100.00,100.00,100.00,19.64,1.06,321
2002-12-10,0.00,100.00,100.00,100.00,19.09,1.15,320
2002-12-03,0.00,100.00,100.00,71.21,20.26,0.97,292
2002-11-26,0.00,100.00,100.00,70.92,20.71,0.78,292
2002-11-19,0.00,100.00,100.00,70.44,20.21,1.16,292
2002-11-12,0.00,100.00,100.00,70.93,20.03,0.71,292
2002-11-05,0.00,100.00,100.00,73.61,29.93,3.97,308
2002-10-29,0.00,100.00,100.00,70.32,30.22,4.20,305
2002-10-22,0.00,100.00,100.00,70.08,29.26,3.56,303
2002-10-15,0.00,100.00,100.00,71.05,29.44,4.07,305
2002-10-08,0.00,100.00,100.00,71.05,29.74,3.76,305
2002-10-01,0.00,100.00,100.00,100.00,59.04,9.15,368
2002-09-24,0.00,100.00,100.00,100.00,65.94,12.13,378
2002-09-17,0.00,100.00,100.00,100.00,65.67,11.50,377
2002-09-10,0.00,100.00,100.00,100.00,65.99,12.41,378
2002-09-03,0.00,100.00,100.00,100.00,67.79,14.55,382
2002-08-27,0.00,100.00,100.00,100.00,67.00,16.15,383
2002-08-20,0.00,100.00,100.00,88.24,54.47,16.08,359
2002-08-13,0.00,100.00,100.00,88.24,53.95,15.20,357
2002-08-06,0.00,100.00,100.00,87.66,53.42,15.66,357
2002-07-30,0.00,100.00,100.00,83.33,44.86,15.66,344
2002-07-23,0.00,100.00,100.00,89.75,63.30,33.44,386
2002-07-16,0.00,100.00,100.00,85.72,62.05,31.98,380
2002-07-09,0.00,100.00,100.00,82.14,55.88,32.17,370
2002-07-02,0.00,100.00,100.00,81.73,55.51,31.71,369
2002-06-25,0.00,100.00,100.00,78.24,49.77,15.37,343
2002-06-18,0.00,100.00,100.00,70.32,38.87,11.01,320
2002-06-11,0.00,100.00,95.28,69.85,32.13,11.14,308
2002-06-04,0.00,100.00,95.11,69.31,29.49,10.40,304
2002-05-28,0.00,100.00,86.68,70.14,29.49,11.03,297
2002-05-21,0.00,100.00,85.93,69.54,31.47,0.00,287
2002-05-14,0.00,100.00,86.48,69.87,30.00,0.00,286
2002-05-07,0.00,100.00,86.25,70.48,4.80,0.00,262
2002-04-30,0.00,100.00,86.31,70.30,4.90,0.00,262
2002-04-23,0.00,100.00,85.03,66.03,2.28,0.00,253
2002-04-16,0.00,100.00,69.68,36.32,0.00,0.00,206
2002-04-09,0.00,100.00,53.53,28.18,0.00,0.00,182
2002-04-02,0.00,100.00,53.03,23.74,0.00,0.00,177
2002-03-26,0.00,100.00,49.08,22.30,0.00,0.00,171
2002-03-19,0.00,100.00,47.47,22.42,0.00,0.00,170
2002-03-12,0.00,100.00,55.48,21.91,0.00,0.00,177
2002-03-05,0.00,100.00,48.59,0.50,0.00,0.00,149
2002-02-26,0.00,100.00,48.66,0.77,0.00,0.00,149
2002-02-19,0.00,100.00,48.53,0.62,0.00,0.00,149
2002-02-12,0.00,100.00,29.48,0.61,0.00,0.00,130
2002-02-05,0.00,100.00,31.22,0.63,0.00,0.00,132
2002-01-29,0.14,99.86,9.86,0.48,0.00,0.00,110
2002-01-22,0.14,99.86,16.32,0.69,0.00,0.00,117
2002-01-15,0.10,99.90,16.16,0.58,0.00,0.00,117
2002-01-08,13.97,86.03,22.55,0.56,0.00,0.00,109
2002-01-01,13.86,86.14,22.99,1.60,0.00,0.00,111
2001-12-25,16.00,84.00,23.46,2.03,0.00,0.00,110
2001-12-18,15.99,84.01,23.46,2.03,0.00,0.00,110
2001-12-11,16.00,84.00,23.46,2.03,0.00,0.00,110
2001-12-04,15.99,84.01,23.46,5.55,0.05,0.00,113
2001-11-27,18.23,81.77,23.46,9.75,4.74,0.00,120
2001-11-20,17.18,82.82,37.20,9.75,4.74,0.00,135
2001-11-13,17.19,82.81,37.20,9.77,4.74,0.00,135
2001-11-06,17.19,82.81,37.20,9.77,4.74,0.00,135
2001-10-30,17.35,82.65,37.20,9.77,4.74,0.00,134
2001-10-23,32.33,67.67,37.20,10.14,4.74,0.00,120
2001-10-16,32.33,67.67,37.20,10.14,4.74,0.00,120
2001-10-09,32.32,67.68,37.20,10.14,4.74,0.00,120
2001-10-02,32.32,67.68,37.20,10.14,4.74,0.00,120
2001-09-25,32.32,67.68,37.20,10.14,5.46,0.00,120
2001-09-18,32.32,67.68,37.20,10.14,5.46,0.00,120
2001-09-11,32.32,67.68,37.20,10.14,5.46,0.00,120
2001-09-04,42.65,57.35,29.38,10.14,5.47,0.00,102
2001-08-28,42.65,57.35,29.38,10.14,5.47,0.00,102
2001-08-21,42.65,57.35,29.13,10.62,5.04,0.00,102
2001-08-14,41.72,58.28,28.38,14.46,2.76,0.00,104
2001-08-07,46.90,53.10,28.38,14.46,3.41,0.00,99
2001-07-31,46.90,53.10,28.38,14.46,3.67,0.00,100
2001-07-24,46.90,53.10,28.38,14.46,0.00,0.00,96
2001-07-17,47.20,52.80,28.38,14.46,0.00,0.00,96
2001-07-10,47.20,52.80,27.29,13.46,0.00,0.00,94
2001-07-03,0.00,100.00,27.29,19.34,0.00,0.00,147
2001-06-26,0.00,100.00,27.28,13.33,0.00,0.00,141
2001-06-19,0.00,100.00,13.19,0.01,0.00,0.00,113
2001-06-12,48.32,51.68,19.99,0.22,0.00,0.00,72
2001-06-05,69.15,30.85,10.78,0.22,0.00,0.00,42
2001-05-29,75.30,24.70,4.38,0.22,0.00,0.00,29
2001-05-22,75.30,24.70,4.38,0.22,0.00,0.00,29
2001-05-15,75.30,24.70,4.38,0.22,0.00,0.00,29
2001-05-08,75.30,24.70,4.38,0.00,0.00,0.00,29
2001-05-01,75.30,24.70,4.38,0.00,0.00,0.00,29
2001-04-24,75.30,24.70,4.38,0.00,0.00,0.00,29
2001-04-17,75.30,24.70,4.38,0.00,0.00,0.00,29
2001-04-10,75.83,24.17,4.38,0.00,0.00,0.00,29
2001-04-03,71.21,28.79,4.02,0.00,0.00,0.00,33
2001-03-27,81.54,18.46,0.00,0.00,0.00,0.00,18
2001-03-20,81.54,18.46,0.00,0.00,0.00,0.00,18
2001-03-13,96.45,3.55,0.00,0.00,0.00,0.00,4
2001-03-06,97.90,2.10,0.00,0.00,0.00,0.00,2
2001-02-27,97.90,2.10,0.00,0.00,0.00,0.00,2
2001-02-20,100.00,0.00,0.00,0.00,0.00,0.00,0
2001-02-13,100.00,0.00,0.00,0.00,0.00,0.00,0
2001-02-06,100.00,0.00,0.00,0.00,0.00,0.00,0
2001-01-30,100.00,0.00,0.00,0.00,0.00,0.00,0
2001-01-23,100.00,0.00,0.00,0.00,0.00,0.00,0
2001-01-16,100.00,0.00,0.00,0.00,0.00,0.00,0
2001-01-09,100.00,0.00,0.00,0.00,0.00,0.00,0
2001-01-02,100.00,0.00,0.00,0.00,0.00,0.00,0
2000-12-26,100.00,0.00,0.00,0.00,0.00,0.00,0
2000-12-19,100.00,0.00,0.00,0.00,0.00,0.00,0
2000-12-12,99.96,0.04,0.00,0.00,0.00,0.00,0
2000-12-05,99.74,0.26,0.00,0.00,0.00,0.00,0
2000-11-28,92.12,7.88,0.00,0.00,0.00,0.00,8
2000-11-21,92.12,7.88,0.00,0.00,0.00,0.00,8
2000-11-14,89.27,10.73,0.00,0.00,0.00,0.00,11
2000-11-07,73.56,26.44,0.00,0.00,0.00,0.00,26
2000-10-31,49.63,50.37,1.59,0.00,0.00,0.00,52
2000-10-24,0.00,100.00,35.27,0.00,0.00,0.00,135
2000-10-17,1.19,98.81,33.85,2.25,0.00,0.00,135
2000-10-10,0.07,99.93,80.91,2.09,0.00,0.00,183
2000-10-03,0.07,99.93,80.65,2.34,0.00,0.00,183
2000-09-26,0.07,99.93,80.65,2.34,0.00,0.00,183
2000-09-19,0.08,99.92,79.93,2.34,0.00,0.00,182
2000-09-12,0.07,99.93,79.93,2.34,0.00,0.00,182
2000-09-05,0.08,99.92,79.93,2.34,0.00,0.00,182
2000-08-29,0.00,100.00,100.00,7.04,0.00,0.00,207
2000-08-22,0.00,100.00,100.00,6.15,0.00,0.00,206
2000-08-15,0.00,100.00,95.62,6.39,0.00,0.00,202
2000-08-08,0.00,100.00,51.02,0.00,0.00,0.00,151
2000-08-01,0.00,100.00,31.29,0.00,0.00,0.00,131
2000-07-25,0.00,100.00,19.14,0.00,0.00,0.00,119
2000-07-18,0.00,100.00,16.84,0.00,0.00,0.00,117
2000-07-11,0.80,99.20,18.69,0.00,0.00,0.00,118
2000-07-04,0.76,99.24,6.04,0.00,0.00,0.00,105
2000-06-27,0.33,99.67,0.00,0.00,0.00,0.00,100
2000-06-20,6.47,93.53,0.00,0.00,0.00,0.00,94
2000-06-13,51.73,48.27,0.00,0.00,0.00,0.00,48
2000-06-06,78.86,21.14,0.00,0.00,0.00,0.00,21
2000-05-30,99.59,0.41,0.00,0.00,0.00,0.00,0
2000-05-23,99.80,0.20,0.00,0.00,0.00,0.00,0
2000-05-16,99.69,0.31,0.00,0.00,0.00,0.00,0
2000-05-09,100.00,0.00,0.00,0.00,0.00,0.00,0
2000-05-02,100.00,0.00,0.00,0.00,0.00,0.00,0
2000-04-25,100.00,0.00,0.00,0.00,0.00,0.00,0
2000-04-18,100.00,0.00,0.00,0.00,0.00,0.00,0
2000-04-11,100.00,0.00,0.00,0.00,0.00,0.00,0
2000-04-04,100.00,0.00,0.00,0.00,0.00,0.00,0
2000-03-28,100.00,0.00,0.00,0.00,0.00,0.00,0
2000-03-21,100.00,0.00,0.00,0.00,0.00,0.00,0
2000-03-14,100.00,0.00,0.00,0.00,0.00,0.00,0
2000-03-07,91.98,8.02,0.00,0.00,0.00,0.00,8
2000-02-29,84.23,15.77,0.00,0.00,0.00,0.00,16
2000-02-22,78.86,21.14,0.00,0.00,0.00,0.00,21
2000-02-15,70.63,29.37,0.00,0.00,0.00,0.00,29
2000-02-08,59.72,40.28,0.00,0.00,0.00,0.00,40
2000-02-01,43.64,56.36,0.00,0.00,0.00,0.00,56
2000-01-25,44.25,55.75,0.00,0.00,0.00,0.00,56
2000-01-18,43.69,56.31,0.00,0.00,0.00,0.00,56
2000-01-11,63.01,36.99,0.00,0.00,0.00,0.00,37
2000-01-04,100.00,0.00,0.00,0.00,0.00,0.00,0
